province_id,province_name,region_code,snapshot_datetime
,Hà Nội,2,2026-09-30 08:07:24 UTC
,TP. Hồ Chí Minh,2,2026-09-30 08:07:24 UTC
,Đà Nẵng,2,2026-09-30 08:07:24 UTC
,Hải Phòng,2,2026-09-30 08:07:24 UTC
,Cần Thơ,2,2026-09-30 08:07:24 UTC
,An Giang,2,2026-09-30 08:07:24 UTC
,Bà Rịa Vũng Tàu,2,2026-09-30 08:07:24 UTC
,Bình Dương,2,2026-09-30 08:07:24 UTC
,Bình Phước,2,2026-09-30 08:07:24 UTC
,Bình Thuận,2,2026-09-30 08:07:24 UTC
,Bình Định,2,2026-09-30 08:07:24 UTC
,Bạc Liêu,2,2026-09-30 08:07:24 UTC
,Bắc Giang,2,2026-09-30 08:07:24 UTC
,Bắc Kạn,2,2026-09-30 08:07:24 UTC
,Bắc Ninh,2,2026-09-30 08:07:24 UTC
,Bến Tre,2,2026-09-30 08:07:24 UTC
,Cao Bằng,2,2026-09-30 08:07:24 UTC
,Cà Mau,2,2026-09-30 08:07:24 UTC
,Gia Lai,2,2026-09-30 08:07:24 UTC
,Hà Giang,2,2026-09-30 08:07:24 UTC
,Hà Nam,2,2026-09-30 08:07:24 UTC
,Hà Tĩnh,2,2026-09-30 08:07:24 UTC
,Hòa Bình,2,2026-09-30 08:07:24 UTC
,Hưng Yên,2,2026-09-30 08:07:24 UTC
,Hải Dương,2,2026-09-30 08:07:24 UTC
,Hậu Giang,2,2026-09-30 08:07:24 UTC
,Khánh Hòa,2,2026-09-30 08:07:24 UTC
,Kiên Giang,2,2026-09-30 08:07:24 UTC
,Kon Tum,2,2026-09-30 08:07:24 UTC
,Lai Châu,2,2026-09-30 08:07:24 UTC
,Long An,2,2026-09-30 08:07:24 UTC
,Lào Cai,2,2026-09-30 08:07:24 UTC
,Lâm Đồng,2,2026-09-30 08:07:24 UTC
,Lạng Sơn,2,2026-09-30 08:07:24 UTC
,Nam Định,2,2026-09-30 08:07:24 UTC
,Nghệ An,2,2026-09-30 08:07:24 UTC
,Ninh Bình,2,2026-09-30 08:07:24 UTC
,Ninh Thuận,2,2026-09-30 08:07:24 UTC
,Phú Thọ,2,2026-09-30 08:07:24 UTC
,Phú Yên,2,2026-09-30 08:07:24 UTC
,Quảng Bình,2,2026-09-30 08:07:24 UTC
,Quảng Nam,2,2026-09-30 08:07:24 UTC
,Quảng Ngãi,2,2026-09-30 08:07:24 UTC
,Quảng Ninh,2,2026-09-30 08:07:24 UTC
,Quảng Trị,2,2026-09-30 08:07:24 UTC
,Sóc Trăng,2,2026-09-30 08:07:24 UTC
,Sơn La,2,2026-09-30 08:07:24 UTC
,Thanh Hóa,2,2026-09-30 08:07:24 UTC
,Thái Bình,2,2026-09-30 08:07:24 UTC
,Thái Nguyên,2,2026-09-30 08:07:24 UTC
,Thừa Thiên Huế,2,2026-09-30 08:07:24 UTC
,Tiền Giang,2,2026-09-30 08:07:24 UTC
,Trà Vinh,2,2026-09-30 08:07:24 UTC
,Tuyên Quang,2,2026-09-30 08:07:24 UTC
,Tây Ninh,2,2026-09-30 08:07:24 UTC
,Vĩnh Long,2,2026-09-30 08:07:24 UTC
,Vĩnh Phúc,2,2026-09-30 08:07:24 UTC
,Yên Bái,2,2026-09-30 08:07:24 UTC
,Điện Biên,2,2026-09-30 08:07:24 UTC
,Đăk Lăk,2,2026-09-30 08:07:24 UTC
,Đăk Nông,2,2026-09-30 08:07:24 UTC
,Đồng Nai,2,2026-09-30 08:07:24 UTC
,Đồng Tháp,2,2026-09-30 08:07:24 UTC
