trim_id,car_id,car_name,trim_name,battery_option,price_vat_vnd,deposit_amount_vnd,product_code,price_last_updated,snapshot_datetime
Products-Car-VF9_0819b68ad3d88df579d1850802,Products-Car-VF9,VF 9,VF9 Eco CATL,Thuê Pin,1348000000,50000000,NE3LV,2026-07-08T02:24:04.000Z,2026-09-30 08:07:24 UTC
Products-Car-VF8-THE-ALL-NEW_08ce64ddb1906d0d2234881d47,Products-Car-VF8-THE-ALL-NEW,VF 8 The All New,VF 8 COMFORT,Thuê Pin,899000000,15000000,HC11V,2026-07-08T02:23:14.000Z,2026-09-30 08:07:24 UTC
Products-Car-VF9_09c3587ee2906f85d5a2b117dc,Products-Car-VF9,VF 9,VF9 Plus Ghế cơ trưởng CATL,Thuê Pin,1561000000,50000000,NE3NV,2026-07-08T02:25:16.000Z,2026-09-30 08:07:24 UTC
Products-Car-VF6_0d8c6e143656dfc2a1338dc4fe,Products-Car-VF6,VF 6,VF6 Plus,Thuê Pin,699000000,15000000,JB12V,2026-07-08T02:17:16.000Z,2026-09-30 08:07:24 UTC
Products-Car-VF8_18b9ae5c4fe8c42ca358c44230,Products-Car-VF8,VF 8,VF8 Eco,Thuê Pin,898000000,15000000,ND31V,2026-07-08T02:22:37.000Z,2026-09-30 08:07:24 UTC
Products-Car-ECVAN_1b82f1cc009d8ee144cefde5ff,Products-Car-ECVAN,EC Van,EC Van PAK2 Bản nâng cao,Thuê Pin,305000000,15000000,TG10V_PAK2,2025-11-01T03:55:18.000Z,2026-09-30 08:07:24 UTC
Products-Car-VF3_1bbc0d63cd9c6a1a08c903ef7c,Products-Car-VF3,VF 3,VF 3 Plus,Thuê Pin,296000000,15000000,TI1BV,2026-07-08T02:10:35.000Z,2026-09-30 08:07:24 UTC
Products-Car-VF5_1c99c0bb6b29f0e57e0529d375,Products-Car-VF5,VF 5,VF 5 Plus,Thuê Pin,496000000,15000000,GA12V,2026-07-08T02:13:12.000Z,2026-09-30 08:07:24 UTC
Products-Car-HerioGreen_1ca7982572b737fe8d3be62910,Products-Car-HerioGreen,Herio Green,Herio Green - Tiêu chuẩn 2,Thuê Pin,450000000,15000000,GA1XV,2026-07-08T02:26:12.000Z,2026-09-30 08:07:24 UTC
Products-Scooter-VEROX_1d105200746b9067ca97468878,Products-Scooter-VEROX,Vero X,Vero X,Kèm Pin (Mua Pin),34900000,15000000,null,2025-11-26T02:15:54.000Z,2026-09-30 08:07:24 UTC
Products-Scooter-FELIZLITE_283e9305c9facbd1896e9fcc6b,Products-Scooter-FELIZLITE,Feliz Lite,Feliz Lite,Kèm Pin (Mua Pin),25900000,15000000,null,2025-11-26T02:15:54.000Z,2026-09-30 08:07:24 UTC
Products-Scooter-EVO-200_2a3a9231f26b931ddc3821e92c,Products-Scooter-EVO-200,Evo200,Evo200,Kèm Pin (Mua Pin),22000000,15000000,null,2025-11-01T03:55:18.000Z,2026-09-30 08:07:24 UTC
Products-Car-VF7_2eac18db5a4d94f501c9c3444b,Products-Car-VF7,VF 7,VF 7 Plus,Thuê Pin,830000000,15000000,GC12V,2026-07-08T02:18:23.000Z,2026-09-30 08:07:24 UTC
Products-Scooter-FELIZ_32bcb0ec71754f771e6fd4d61a,Products-Scooter-FELIZ,Feliz 2025,Feliz 2025,Kèm Pin (Mua Pin),26000000,15000000,null,2026-07-08T10:59:53.000Z,2026-09-30 08:07:24 UTC
Products-Car-VF6_334de1d9eb127f75f8bf97b066,Products-Car-VF6,VF 6,VF 6 Eco,Thuê Pin,646000000,15000000,JB10V,2026-07-08T02:16:59.000Z,2026-09-30 08:07:24 UTC
Products-Scooter-EVOLITENEO_3b425632f68bafa3ba1badb1db,Products-Scooter-EVOLITENEO,Products-Scooter-EVOLITENEO,Evo-Lite-Neo,Kèm Pin (Mua Pin),14400000,15000000,null,2025-11-01T03:55:18.000Z,2026-09-30 08:07:24 UTC
Products-Car-VF9_3c5170fc6c796cc39b33f6658c,Products-Car-VF9,VF 9,VF9 Plus 7 chỗ CATL,Thuê Pin,1529000000,50000000,NE3MV,2026-07-08T02:24:36.000Z,2026-09-30 08:07:24 UTC
Products-Car-VF3_51f0ddab5bf91e9cbcf000f842,Products-Car-VF3,VF 3,VF 3 Eco,Thuê Pin,285000000,15000000,TI1CV,2026-07-08T02:09:48.000Z,2026-09-30 08:07:24 UTC
Products-Car-HerioGreen_55f6831e63adabba691b9059d6,Products-Car-HerioGreen,Herio Green,Herio Green,Thuê Pin,469000000,15000000,GA1QV,2026-07-08T02:25:54.000Z,2026-09-30 08:07:24 UTC
Products-Car-VF7_5ca56bce046fce34bcac5b21ee,Products-Car-VF7,VF 7,"VF7 Plus, 2 động cơ",Thuê Pin,879000000,15000000,GC12V_T023,2026-07-08T02:20:21.000Z,2026-09-30 08:07:24 UTC
Products-Car-VF8_7443c47d627efdfd65f19b8182,Products-Car-VF8,VF 8,VF 8 Plus CATL,Thuê Pin,1079000000,50000000,ND32V,2026-07-08T02:22:57.000Z,2026-09-30 08:07:24 UTC
Products-Scooter-FLAZZ_7674e0abf22a85135d651b673c,Products-Scooter-FLAZZ,Flazz,Flazz,Kèm Pin (Mua Pin),14200000,15000000,null,2026-07-08T10:58:44.000Z,2026-09-30 08:07:24 UTC
Products-Scooter-VENTO-S_87428c6a6df985e59ae8c78611,Products-Scooter-VENTO-S,Vento S,Vento-S,Kèm Pin (Mua Pin),49200000,15000000,null,2025-11-01T03:55:18.000Z,2026-09-30 08:07:24 UTC
Products-Scooter-EVONEO_911f57cf553b24b424b0d2f153,Products-Scooter-EVONEO,Products-Scooter-EVONEO,Evo-Neo,Kèm Pin (Mua Pin),17800000,15000000,null,2025-11-01T03:55:18.000Z,2026-09-30 08:07:24 UTC
Products-Car-VFWILD_a082fc07f40bd709eef22e4557,Products-Car-VFWILD,VF Wild,VF WILD - Comfort,Thuê Pin,860000000,15000000,HJ01V,2026-09-24T16:54:29.690Z,2026-09-30 08:07:24 UTC
Products-Scooter-KLARA-S-2022_a0bc4fdbeed8a67ee0e2cb9384,Products-Scooter-KLARA-S-2022,Klara S2,Klara S (2022),Kèm Pin (Mua Pin),36500000,15000000,null,2025-11-01T03:55:18.000Z,2026-09-30 08:07:24 UTC
Products-Scooter-FELIZNEO_a6141f0de663b5bd79e396a22b,Products-Scooter-FELIZNEO,Products-Scooter-FELIZNEO,Feliz-Neo,Kèm Pin (Mua Pin),22400000,15000000,null,2025-11-01T03:55:18.000Z,2026-09-30 08:07:24 UTC
Products-Scooter-THEON-S_ad97b0921b084771906431796d,Products-Scooter-THEON-S,Products-Scooter-THEON-S,Theon-S,Kèm Pin (Mua Pin),56900000,15000000,null,2025-11-01T03:55:18.000Z,2026-09-30 08:07:24 UTC
Products-Car-VF7_adda27a869433ccc214ebdcb70,Products-Car-VF7,VF 7,VF7 Plus tùy chọn Trần kính toàn cảnh,Thuê Pin,850000000,15000000,GC12V_CR151,2026-07-08T02:18:57.000Z,2026-09-30 08:07:24 UTC
Products-Scooter-EVOGRANDLITE_afdfaca6c0a6d9a1e142fa9683,Products-Scooter-EVOGRANDLITE,Evo Grand Lite,Evo Grand Lite,Kèm Pin (Mua Pin),16500000,15000000,null,2026-07-08T10:59:05.000Z,2026-09-30 08:07:24 UTC
Products-Scooter-MOTIO_b2d3a223195ce87af4c3b3622b,Products-Scooter-MOTIO,Products-Scooter-MOTIO,Motio,Kèm Pin (Mua Pin),12000000,15000000,null,2025-11-01T03:55:18.000Z,2026-09-30 08:07:24 UTC
Products-Car-ECVAN_bd87511a072330f1aa087eef03,Products-Car-ECVAN,EC Van,EC Van - TG11V,Thuê Pin,286000000,15000000,TG11V,2026-07-08T02:28:10.000Z,2026-09-30 08:07:24 UTC
Products-Car-ECVAN_bd9bd3815641b623877faf3ded,Products-Car-ECVAN,EC Van,EC Van - TG12V,Thuê Pin,306000000,15000000,TG12V,2026-07-08T02:28:23.000Z,2026-09-30 08:07:24 UTC
Products-Car-ECVAN_c7ad956d329b5c11540e91808e,Products-Car-ECVAN,EC Van,EC Van,Thuê Pin,268000000,15000000,TG10V,2026-07-08T02:27:48.000Z,2026-09-30 08:07:24 UTC
Products-Scooter-VENTONEO_cad5f1566914a0700198f4d74e,Products-Scooter-VENTONEO,Products-Scooter-VENTONEO,Vento-Neo,Kèm Pin (Mua Pin),32000000,15000000,null,2025-11-01T03:55:18.000Z,2026-09-30 08:07:24 UTC
Products-Car-VF7_cf2102baa6478c424ad03d3232,Products-Car-VF7,VF 7,"VF7 Plus tùy chọn Trần kính toàn cảnh, 2 động cơ",Thuê Pin,899000000,15000000,GC12V_CR151_T023,2026-07-08T02:20:50.000Z,2026-09-30 08:07:24 UTC
Products-Car-VFMPV7_cfadeed987261d75cc6fe39633,Products-Car-VFMPV7,VF MPV 7,VF MPV 7,Thuê Pin,750000000,15000000,SL1WV,2026-07-08T04:53:48.000Z,2026-09-30 08:07:24 UTC
Products-Scooter-KLARANEO_d3cca300b691259703ca033da9,Products-Scooter-KLARANEO,Klara Neo,Klara-Neo,Kèm Pin (Mua Pin),28800000,15000000,null,2025-11-01T03:55:18.000Z,2026-09-30 08:07:24 UTC
Products-Car-LimoGreen_db19ae924396ecb5a72b57c031,Products-Car-LimoGreen,Limo Green,Limo Green,Thuê Pin,699000000,15000000,SL1VV,2026-07-08T02:27:27.000Z,2026-09-30 08:07:24 UTC
Products-Scooter-EVOGRAND_dc7c3f6c985b2ae9332a6227a4,Products-Scooter-EVOGRAND,Evo Grand,Evo Grand,Kèm Pin (Mua Pin),22500000,15000000,null,2026-07-08T10:59:26.000Z,2026-09-30 08:07:24 UTC
Products-Car-VF2_e0db1d91ad486e7ff0f31d4d9d,Products-Car-VF2,VF 2,VF 2,Thuê Pin,188000000,15000000,TH14V,2026-07-14T17:15:15.623Z,2026-09-30 08:07:24 UTC
Products-Scooter-FELIZ-S_e11b1cb594df36a91a2e1c7db2,Products-Scooter-FELIZ-S,Feliz S,Feliz S,Kèm Pin (Mua Pin),29700000,15000000,null,2025-11-01T03:55:18.000Z,2026-09-30 08:07:24 UTC
Products-Car-VF7_e3726cd0135612abdf1edda030,Products-Car-VF7,VF 7,VF 7 Eco,Thuê Pin,740000000,15000000,GC15V,2026-07-08T02:17:51.000Z,2026-09-30 08:07:24 UTC
Products-Scooter-ZGOO_ece48c346d8294405e791e1bca,Products-Scooter-ZGOO,ZGoo,Zgoo,Kèm Pin (Mua Pin),13300000,15000000,null,2026-07-08T10:58:22.000Z,2026-09-30 08:07:24 UTC
Products-Car-MinioGreen_f05b8d5508013275c2ab3b44a4,Products-Car-MinioGreen,Minio Green,Minio Green,Thuê Pin,188000000,15000000,TH12V,2026-07-13T14:29:37.078Z,2026-09-30 08:07:24 UTC
Products-Scooter-EVO-200-LITE_f7d895d99ef241b4889fffded4,Products-Scooter-EVO-200-LITE,Evo200 Lite,Evo200 Lite,Kèm Pin (Mua Pin),22000000,15000000,null,2025-11-01T03:55:18.000Z,2026-09-30 08:07:24 UTC
