model_id,model_name,price_vnd,battery_purchase_price_vnd,battery_leasing_price_vnd,deposit_page_url
Products-Scooter-VEROX,Vero X,34900000,0,0,https://shop.vinfastauto.com/vn_vi/xe-may-dien-verox.html
Products-Scooter-FELIZLITE,Feliz Lite,25900000,0,0,https://shop.vinfastauto.com/vn_vi/xe-may-dien-feliz-lite.html
Products-Scooter-EVO-200,Evo200,22000000,0,2000000,https://shop.vinfastauto.com/vn_vi/xe-may-dien-evo200.html
Products-Scooter-FELIZ,Feliz 2025,26000000,0,0,https://shop.vinfastauto.com/vn_vi/xe-may-dien-feliz.html
Products-Scooter-EVOLITENEO,Evo-Lite-Neo,14400000,0,0,https://shop.vinfastauto.com/vn_vi/xe-may-dien-evo-lite-neo.html
Products-Scooter-FLAZZ,Flazz,14200000,0,0,https://shop.vinfastauto.com/vn_vi/xe-may-dien-flazz.html
Products-Scooter-VENTO-S,Vento-S,49200000,0,2000000,https://shop.vinfastauto.com/vn_vi/bike-vento-s.html
Products-Scooter-EVONEO,Evo-Neo,17800000,0,0,https://shop.vinfastauto.com/vn_vi/xe-may-dien-evo-neo.html
Products-Scooter-KLARA-S-2022,Klara S (2022),36500000,0,2000000,https://shop.vinfastauto.com/vn_vi/bike-klara-s-2022.html
Products-Scooter-FELIZNEO,Feliz-Neo,22400000,0,0,https://shop.vinfastauto.com/vn_vi/xe-may-dien-feliz-neo.html
Products-Scooter-THEON-S,Theon-S,56900000,0,2000000,https://shop.vinfastauto.com/vn_vi/bike-theon-s.html
Products-Scooter-EVOGRANDLITE,Evo Grand Lite,16500000,0,0,https://shop.vinfastauto.com/vn_vi/xe-may-dien-evo-grand-lite.html
Products-Scooter-MOTIO,Motio,12000000,0,0,https://shop.vinfastauto.com/vn_vi/xe-may-dien-motio.html
Products-Scooter-VENTONEO,Vento-Neo,32000000,0,0,https://shop.vinfastauto.com/vn_vi/xe-may-dien-vento-neo.html
Products-Scooter-KLARANEO,Klara-Neo,28800000,0,0,https://shop.vinfastauto.com/vn_vi/xe-may-dien-klara-neo.html
Products-Scooter-EVOGRAND,Evo Grand,22500000,0,0,https://shop.vinfastauto.com/vn_vi/xe-may-dien-evo-grand.html
Products-Scooter-FELIZ-S,Feliz S,29700000,0,2000000,https://shop.vinfastauto.com/vn_vi/bike-feliz-s.html
Products-Scooter-ZGOO,Zgoo,13300000,0,0,https://shop.vinfastauto.com/vn_vi/xe-may-dien-zgoo.html
Products-Scooter-EVO-200-LITE,Evo200 Lite,22000000,0,2000000,https://shop.vinfastauto.com/vn_vi/xe-may-dien-evo200-lite.html
