model_id,model_name,edition_id,edition_name,color_code,color_name,color_type,color_extra_price_vnd,total_car_price_vnd,image_url
Products-Car-VF2,VF 2,TH14V,Tiêu chuẩn,CE17,Desat Silver,Màu cơ bản,0,188000000,https://shop.vinfastauto.com/on/demandware.static/-/Sites-vinfast_vn_master/default/dw0a2023aa/images/VF2/TH14V/CE17.png
Products-Car-VF2,VF 2,TH14V,Tiêu chuẩn,CE2G,Sky Blue,Màu nâng cao,8000000,196000000,https://shop.vinfastauto.com/on/demandware.static/-/Sites-vinfast_vn_master/default/dw023873a4/images/VF2/TH14V/CE2G.png
Products-Car-VF2,VF 2,TH14V,Tiêu chuẩn,CE2Q,Solar Ruby,Màu cơ bản,0,188000000,https://shop.vinfastauto.com/on/demandware.static/-/Sites-vinfast_vn_master/default/dwe36b1cc0/images/VF2/TH14V/CE2Q.png
Products-Car-VF2,VF 2,TH14V,Tiêu chuẩn,CE18,Infinity Blanc,Màu cơ bản,0,188000000,https://shop.vinfastauto.com/on/demandware.static/-/Sites-vinfast_vn_master/default/dwfb7084ea/images/VF2/TH14V/CE18.png
Products-Car-VF2,VF 2,TH14V,Tiêu chuẩn,CE2T,Be Pebble,Màu nâng cao,8000000,196000000,https://shop.vinfastauto.com/on/demandware.static/-/Sites-vinfast_vn_master/default/dwac21418e/images/VF2/TH14V/CE2T.png
Products-Car-VF2,VF 2,TH14V,Tiêu chuẩn,CE1W,Urban Mint,Màu nâng cao,8000000,196000000,https://shop.vinfastauto.com/on/demandware.static/-/Sites-vinfast_vn_master/default/dwcf1a2521/images/VF2/TH14V/CE1W.png
Products-Car-VF2,VF 2,TH14V,Tiêu chuẩn,CE1U,Yellow,Màu nâng cao,8000000,196000000,https://shop.vinfastauto.com/on/demandware.static/-/Sites-vinfast_vn_master/default/dwe6f2cc2f/images/VF2/TH14V/CE1U.png
Products-Car-VF2,VF 2,TH14V,Tiêu chuẩn,CE21,Rose Pink,Màu nâng cao,8000000,196000000,https://shop.vinfastauto.com/on/demandware.static/-/Sites-vinfast_vn_master/default/dwa8dca616/images/VF2/TH14V/CE21.png
Products-Car-VF3,VF 3,TI1CV,Eco,CE2Q,Solar Ruby,Màu cơ bản,0,285000000,https://shop.vinfastauto.com/on/demandware.static/-/Sites-vinfast_vn_master/default/dw303e0698/images/VF3/TI1CV/CE2Q.png
Products-Car-VF3,VF 3,TI1CV,Eco,181U,Summer Yellow Body - Infinity Blanc Roof,Màu nâng cao,8000000,293000000,https://shop.vinfastauto.com/on/demandware.static/-/Sites-vinfast_vn_master/default/dwa42e2716/images/VF3/TI1CV/181U.png
Products-Car-VF3,VF 3,TI1CV,Eco,181Y,Sky Blue - Infinity Blanc Roof,Màu nâng cao,8000000,293000000,https://shop.vinfastauto.com/on/demandware.static/-/Sites-vinfast_vn_master/default/dw3ead61ed/images/VF3/TI1CV/181Y.png
Products-Car-VF3,VF 3,TI1CV,Eco,CE1W,Urban Mint,Màu nâng cao,8000000,293000000,https://shop.vinfastauto.com/on/demandware.static/-/Sites-vinfast_vn_master/default/dw8f3fc29c/images/VF3/TI1CV/CE1W.png
Products-Car-VF3,VF 3,TI1CV,Eco,CE1V,Zenith Grey,Màu cơ bản,0,285000000,https://shop.vinfastauto.com/on/demandware.static/-/Sites-vinfast_vn_master/default/dw4d9f9a2f/images/VF3/TI1CV/CE1V.png
Products-Car-VF3,VF 3,TI1CV,Eco,CE18,Infinity Blanc,Màu cơ bản,0,285000000,https://shop.vinfastauto.com/on/demandware.static/-/Sites-vinfast_vn_master/default/dw3a19c1c4/images/VF3/TI1CV/CE18.png
Products-Car-VF3,VF 3,TI1CV,Eco,1821,Rose Pink Body - Infinity Blanc Roof,Màu nâng cao,8000000,293000000,https://shop.vinfastauto.com/on/demandware.static/-/Sites-vinfast_vn_master/default/dwf1a2d6d0/images/VF3/TI1CV/1821.png
Products-Car-VF3,VF 3,TI1BV,Plus,CE2Q,Solar Ruby,Màu cơ bản,0,296000000,https://shop.vinfastauto.com/on/demandware.static/-/Sites-vinfast_vn_master/default/dw173c9eca/images/VF3/TI1BV/CE2Q.png
Products-Car-VF3,VF 3,TI1BV,Plus,181U,Summer Yellow Body - Infinity Blanc Roof,Màu nâng cao,8000000,304000000,https://shop.vinfastauto.com/on/demandware.static/-/Sites-vinfast_vn_master/default/dwa5316124/images/VF3/TI1BV/181U.png
Products-Car-VF3,VF 3,TI1BV,Plus,181Y,Sky Blue - Infinity Blanc Roof,Màu nâng cao,8000000,304000000,https://shop.vinfastauto.com/on/demandware.static/-/Sites-vinfast_vn_master/default/dw7e461bb3/images/VF3/TI1BV/181Y.png
Products-Car-VF3,VF 3,TI1BV,Plus,CE1W,Urban Mint,Màu nâng cao,8000000,304000000,https://shop.vinfastauto.com/on/demandware.static/-/Sites-vinfast_vn_master/default/dw11da75a6/images/VF3/TI1BV/CE1W.png
Products-Car-VF3,VF 3,TI1BV,Plus,CE1V,Zenith Grey,Màu cơ bản,0,296000000,https://shop.vinfastauto.com/on/demandware.static/-/Sites-vinfast_vn_master/default/dwda43c211/images/VF3/TI1BV/CE1V.png
Products-Car-VF3,VF 3,TI1BV,Plus,CE18,Infinity Blanc,Màu cơ bản,0,296000000,https://shop.vinfastauto.com/on/demandware.static/-/Sites-vinfast_vn_master/default/dw7818f80e/images/VF3/TI1BV/CE18.png
Products-Car-VF3,VF 3,TI1BV,Plus,1821,Rose Pink Body - Infinity Blanc Roof,Màu nâng cao,8000000,304000000,https://shop.vinfastauto.com/on/demandware.static/-/Sites-vinfast_vn_master/default/dwb417dccf/images/VF3/TI1BV/1821.png
Products-Car-VF5,VF 5,GA12V,Plus,181Y,Sky Blue - Infinity Blanc Roof,Màu nâng cao,8000000,504000000,https://shop.vinfastauto.com/on/demandware.static/-/Sites-vinfast_vn_master/default/dw699981ee/images/VF5/GA12V/181Y.png
Products-Car-VF5,VF 5,GA12V,Plus,CE2Q,Solar Ruby,Màu cơ bản,0,496000000,https://shop.vinfastauto.com/on/demandware.static/-/Sites-vinfast_vn_master/default/dwe1fd1d5e/images/VF5/GA12V/CE2Q.png
Products-Car-VF5,VF 5,GA12V,Plus,111U,Summer Yellow Body - Jet Black Roof,Màu nâng cao,8000000,504000000,https://shop.vinfastauto.com/on/demandware.static/-/Sites-vinfast_vn_master/default/dwe77f7665/images/VF5/GA12V/111U.png
Products-Car-VF5,VF 5,GA12V,Plus,CE1W,Urban Mint,Màu nâng cao,8000000,504000000,https://shop.vinfastauto.com/on/demandware.static/-/Sites-vinfast_vn_master/default/dwc759397a/images/VF5/GA12V/CE1W.png
Products-Car-VF5,VF 5,GA12V,Plus,CE1V,Zenith Grey,Màu cơ bản,0,496000000,https://shop.vinfastauto.com/on/demandware.static/-/Sites-vinfast_vn_master/default/dw99cec5c0/images/VF5/GA12V/CE1V.png
Products-Car-VF5,VF 5,GA12V,Plus,CE18,Infinity Blanc,Màu cơ bản,0,496000000,https://shop.vinfastauto.com/on/demandware.static/-/Sites-vinfast_vn_master/default/dwa56f6ef3/images/VF5/GA12V/CE18.png
Products-Car-VF6,VF 6,JB10V,Eco,CE18,Infinity Blanc,Màu cơ bản,0,646000000,https://shop.vinfastauto.com/on/demandware.static/-/Sites-vinfast_vn_master/default/dwf521cc67/images/VF6/JB10V/CE18.png
Products-Car-VF6,VF 6,JB10V,Eco,CE11,Jet Black,Màu cơ bản,0,646000000,https://shop.vinfastauto.com/on/demandware.static/-/Sites-vinfast_vn_master/default/dw49928dd4/images/VF6/JB10V/CE11.png
Products-Car-VF6,VF 6,JB10V,Eco,CE1V,Zenith Grey,Màu cơ bản,0,646000000,https://shop.vinfastauto.com/on/demandware.static/-/Sites-vinfast_vn_master/default/dw5da2ef7c/images/VF6/JB10V/CE1V.png
Products-Car-VF6,VF 6,JB10V,Eco,CE1W,Urban Mint,Màu nâng cao,8000000,654000000,https://shop.vinfastauto.com/on/demandware.static/-/Sites-vinfast_vn_master/default/dwe6f544eb/images/VF6/JB10V/CE1W.png
Products-Car-VF6,VF 6,JB10V,Eco,CE2Q,Solar Ruby,Màu cơ bản,0,646000000,https://shop.vinfastauto.com/on/demandware.static/-/Sites-vinfast_vn_master/default/dw8dee3202/images/VF6/JB10V/CE2Q.png
Products-Car-VF6,VF 6,JB12V,Plus,CE18,Infinity Blanc,Màu cơ bản,0,699000000,https://shop.vinfastauto.com/on/demandware.static/-/Sites-vinfast_vn_master/default/dwed426ed5/images/VF6/JB12V/CE18.png
Products-Car-VF6,VF 6,JB12V,Plus,CE11,Jet Black,Màu cơ bản,0,699000000,https://shop.vinfastauto.com/on/demandware.static/-/Sites-vinfast_vn_master/default/dw759ca288/images/VF6/JB12V/CE11.png
Products-Car-VF6,VF 6,JB12V,Plus,CE1V,Zenith Grey,Màu cơ bản,0,699000000,https://shop.vinfastauto.com/on/demandware.static/-/Sites-vinfast_vn_master/default/dw08623347/images/VF6/JB12V/CE1V.png
Products-Car-VF6,VF 6,JB12V,Plus,CE1W,Urban Mint,Màu nâng cao,8000000,707000000,https://shop.vinfastauto.com/on/demandware.static/-/Sites-vinfast_vn_master/default/dw26f526a3/images/VF6/JB12V/CE1W.png
Products-Car-VF6,VF 6,JB12V,Plus,CE2Q,Solar Ruby,Màu cơ bản,0,699000000,https://shop.vinfastauto.com/on/demandware.static/-/Sites-vinfast_vn_master/default/dwb0021530/images/VF6/JB12V/CE2Q.png
Products-Car-VF7,VF 7,GC15V,Eco,CE11,Jet Black,Màu cơ bản,0,740000000,https://shop.vinfastauto.com/on/demandware.static/-/Sites-vinfast_vn_master/default/dwdf718a7e/images/VF7/GC15V/CE11_large.png
Products-Car-VF7,VF 7,GC15V,Eco,CE2Q,Solar Ruby,Màu cơ bản,0,740000000,https://shop.vinfastauto.com/on/demandware.static/-/Sites-vinfast_vn_master/default/dwd5e75327/images/VF7/GC15V/CE2Q.png
Products-Car-VF7,VF 7,GC15V,Eco,CE1W,Urban Mint,Màu nâng cao,12000000,752000000,https://shop.vinfastauto.com/on/demandware.static/-/Sites-vinfast_vn_master/default/dwe7e3a128/images/VF7/GC15V/CE1W.png
Products-Car-VF7,VF 7,GC15V,Eco,CE1V,Zenith Grey,Màu cơ bản,0,740000000,https://shop.vinfastauto.com/on/demandware.static/-/Sites-vinfast_vn_master/default/dw38b16d7a/images/VF7/GC15V/CE1V.png
Products-Car-VF7,VF 7,GC15V,Eco,CE18,Infinity Blanc,Màu cơ bản,0,740000000,https://shop.vinfastauto.com/on/demandware.static/-/Sites-vinfast_vn_master/default/dwdafc2bb7/images/VF7/GC15V/CE18.png
Products-Car-VF7,VF 7,GC12V,Plus,CE11,Jet Black,Màu cơ bản,0,830000000,https://shop.vinfastauto.com/on/demandware.static/-/Sites-vinfast_vn_master/default/dw684be9bc/images/VF7/GC12V/CE11.png
Products-Car-VF7,VF 7,GC12V,Plus,CE2Q,Solar Ruby,Màu cơ bản,0,830000000,https://shop.vinfastauto.com/on/demandware.static/-/Sites-vinfast_vn_master/default/dw9ef00793/images/VF7/GC12V/CE2Q.png
Products-Car-VF7,VF 7,GC12V,Plus,CE1W,Urban Mint,Màu nâng cao,12000000,842000000,https://shop.vinfastauto.com/on/demandware.static/-/Sites-vinfast_vn_master/default/dw63d9f6c5/images/VF7/GC12V/CE1W.png
Products-Car-VF7,VF 7,GC12V,Plus,CE1V,Zenith Grey,Màu cơ bản,0,830000000,https://shop.vinfastauto.com/on/demandware.static/-/Sites-vinfast_vn_master/default/dwdd12616d/images/VF7/GC12V/CE1V.png
Products-Car-VF7,VF 7,GC12V,Plus,CE18,Infinity Blanc,Màu cơ bản,0,830000000,https://shop.vinfastauto.com/on/demandware.static/-/Sites-vinfast_vn_master/default/dwb41bf69b/images/VF7/GC12V/CE18.png
Products-Car-VF8,VF 8,ND31V,Eco,CE18,Infinity Blanc,Màu cơ bản,0,898000000,https://shop.vinfastauto.com/on/demandware.static/-/Sites-vinfast_vn_master/default/dw29445869/images/VF8/ND31V/CE18.png
Products-Car-VF8,VF 8,ND31V,Eco,CE1M,Crimson Red,Màu cơ bản,0,898000000,https://shop.vinfastauto.com/on/demandware.static/-/Sites-vinfast_vn_master/default/dwb0fc2243/images/VF8/ND31V/CE1M.png
Products-Car-VF8,VF 8,ND31V,Eco,CE11,Jet Black,Màu cơ bản,0,898000000,https://shop.vinfastauto.com/on/demandware.static/-/Sites-vinfast_vn_master/default/dwf2d0df02/images/VF8/ND31V/CE11.png
Products-Car-VF8,VF 8,ND31V,Eco,171V,Zenith Grey - Desat Silver Roof,Màu nâng cao,12000000,910000000,https://shop.vinfastauto.com/on/demandware.static/-/Sites-vinfast_vn_master/default/dwa7508a30/images/VF8/ND31V/171V.png
Products-Car-VF8,VF 8,ND31V,Eco,CE22,Ivy Green,Màu cơ bản,0,898000000,https://shop.vinfastauto.com/on/demandware.static/-/Sites-vinfast_vn_master/default/dw5a7220aa/images/VF8/ND31V/CE22.png
Products-Car-VF8,VF 8,ND31V,Eco,1V18,Infinity Blanc - Zenith Grey Roof,Màu nâng cao,12000000,910000000,https://shop.vinfastauto.com/on/demandware.static/-/Sites-vinfast_vn_master/default/dwe892a6db/images/VF8/ND31V/1V18.png
Products-Car-VF8,VF 8,ND31V,Eco,2927,Crimson Velvet - Mystery Bronze Roof,Màu cơ bản,0,910000000,https://shop.vinfastauto.com/on/demandware.static/-/Sites-vinfast_vn_master/default/dw7b4ca1f7/images/VF8/ND31V/2927.png
Products-Car-VF8,VF 8,ND31V,Eco,2911,Jet Black - Mystery Bronze Roof,Màu cơ bản,0,910000000,https://shop.vinfastauto.com/on/demandware.static/-/Sites-vinfast_vn_master/default/dw0d1362ba/images/VF8/ND31V/2911.png
Products-Car-VF8,VF 8,ND32V,Plus,CE18,Infinity Blanc,Màu cơ bản,0,1079000000,https://shop.vinfastauto.com/on/demandware.static/-/Sites-vinfast_vn_master/default/dwd440a999/images/VF8/ND32V/CE18.png
Products-Car-VF8,VF 8,ND32V,Plus,CE1M,Crimson Red,Màu cơ bản,0,1079000000,https://shop.vinfastauto.com/on/demandware.static/-/Sites-vinfast_vn_master/default/dw32f7e316/images/VF8/ND32V/CE1M.png
Products-Car-VF8,VF 8,ND32V,Plus,CE11,Jet Black,Màu cơ bản,0,1079000000,https://shop.vinfastauto.com/on/demandware.static/-/Sites-vinfast_vn_master/default/dw1b702253/images/VF8/ND32V/CE11.png
Products-Car-VF8,VF 8,ND32V,Plus,171V,Zenith Grey - Desat Silver Roof,Màu nâng cao,12000000,1091000000,https://shop.vinfastauto.com/on/demandware.static/-/Sites-vinfast_vn_master/default/dw5992c553/images/VF8/ND32V/171V.png
Products-Car-VF8,VF 8,ND32V,Plus,CE22,Ivy Green,Màu cơ bản,0,1079000000,https://shop.vinfastauto.com/on/demandware.static/-/Sites-vinfast_vn_master/default/dwd84dae6d/images/VF8/ND32V/CE22.png
Products-Car-VF8,VF 8,ND32V,Plus,1V18,Infinity Blanc - Zenith Grey Roof,Màu nâng cao,12000000,1091000000,https://shop.vinfastauto.com/on/demandware.static/-/Sites-vinfast_vn_master/default/dwd364ae9b/images/VF8/ND32V/1V18.png
Products-Car-VF8,VF 8,ND32V,Plus,2927,Crimson Velvet - Mystery Bronze Roof,Màu cơ bản,0,1091000000,https://shop.vinfastauto.com/on/demandware.static/-/Sites-vinfast_vn_master/default/dw33dccc57/images/VF8/ND32V/2927.png
Products-Car-VF8,VF 8,ND32V,Plus,2911,Jet Black - Mystery Bronze Roof,Màu cơ bản,0,1091000000,https://shop.vinfastauto.com/on/demandware.static/-/Sites-vinfast_vn_master/default/dw061b36c6/images/VF8/ND32V/2911.png
Products-Car-VF9,VF 9,NE3LV,Eco,CE18,Infinity Blanc,Màu cơ bản,0,1348000000,https://shop.vinfastauto.com/on/demandware.static/-/Sites-vinfast_vn_master/default/dw359f3d29/images/VF9/NE3LV/CE18.png
Products-Car-VF9,VF 9,NE3LV,Eco,CE1M,Crimson Red,Màu cơ bản,0,1348000000,https://shop.vinfastauto.com/on/demandware.static/-/Sites-vinfast_vn_master/default/dw13165e38/images/VF9/NE3LV/CE1M.png
Products-Car-VF9,VF 9,NE3LV,Eco,CE1W,Urban Mint,Màu cơ bản,0,1348000000,https://shop.vinfastauto.com/on/demandware.static/-/Sites-vinfast_vn_master/default/dwed816812/images/VF9/NE3LV/CE1W.png
Products-Car-VF9,VF 9,NE3LV,Eco,CE11,Jet Black,Màu cơ bản,0,1348000000,https://shop.vinfastauto.com/on/demandware.static/-/Sites-vinfast_vn_master/default/dwf7b9f784/images/VF9/NE3LV/CE11.png
Products-Car-VF9,VF 9,NE3LV,Eco,CE22,Ivy Green,Màu nâng cao,12000000,1360000000,https://shop.vinfastauto.com/on/demandware.static/-/Sites-vinfast_vn_master/default/dwa8631ed5/images/VF9/NE3LV/CE22.png
Products-Car-VF9,VF 9,NE3LV,Eco,CE1V,Zenith Grey,Màu cơ bản,0,1348000000,https://shop.vinfastauto.com/on/demandware.static/-/Sites-vinfast_vn_master/default/dw0c7ae75d/images/VF9/NE3LV/CE1V.png
Products-Car-VF9,VF 9,NE3LV,Eco,CE17,Desat Silver,Màu nâng cao,12000000,1360000000,https://shop.vinfastauto.com/on/demandware.static/-/Sites-vinfast_vn_master/default/dw08e2a618/images/VF9/NE3LV/CE17.png
Products-Car-VF9,VF 9,NE3MV,Plus tùy chọn 7 chỗ,CE18,Infinity Blanc,Màu cơ bản,0,1529000000,https://shop.vinfastauto.com/on/demandware.static/-/Sites-vinfast_vn_master/default/dw16ca8e24/images/VF9/NE3MV/CE18.png
Products-Car-VF9,VF 9,NE3MV,Plus tùy chọn 7 chỗ,CE1M,Crimson Red,Màu cơ bản,0,1529000000,https://shop.vinfastauto.com/on/demandware.static/-/Sites-vinfast_vn_master/default/dw8c8b0b0c/images/VF9/NE3MV/CE1M.png
Products-Car-VF9,VF 9,NE3MV,Plus tùy chọn 7 chỗ,CE1W,Urban Mint,Màu cơ bản,0,1529000000,https://shop.vinfastauto.com/on/demandware.static/-/Sites-vinfast_vn_master/default/dwf72707f0/images/VF9/NE3MV/CE1W.png
Products-Car-VF9,VF 9,NE3MV,Plus tùy chọn 7 chỗ,CE11,Jet Black,Màu cơ bản,0,1529000000,https://shop.vinfastauto.com/on/demandware.static/-/Sites-vinfast_vn_master/default/dw15bf4548/images/VF9/NE3MV/CE11.png
Products-Car-VF9,VF 9,NE3MV,Plus tùy chọn 7 chỗ,CE22,Ivy Green,Màu nâng cao,12000000,1541000000,https://shop.vinfastauto.com/on/demandware.static/-/Sites-vinfast_vn_master/default/dw3c986628/images/VF9/NE3MV/CE22.png
Products-Car-VF9,VF 9,NE3MV,Plus tùy chọn 7 chỗ,CE1V,Zenith Grey,Màu cơ bản,0,1529000000,https://shop.vinfastauto.com/on/demandware.static/-/Sites-vinfast_vn_master/default/dw140c09f3/images/VF9/NE3MV/CE1V.png
Products-Car-VF9,VF 9,NE3MV,Plus tùy chọn 7 chỗ,CE17,Desat Silver,Màu nâng cao,12000000,1541000000,https://shop.vinfastauto.com/on/demandware.static/-/Sites-vinfast_vn_master/default/dw5e3e1d10/images/VF9/NE3MV/CE17.png
Products-Car-VF9,VF 9,NE3NV,Plus tùy chọn ghế cơ trưởng,CE18,Infinity Blanc,Màu cơ bản,0,1561000000,https://shop.vinfastauto.com/on/demandware.static/-/Sites-vinfast_vn_master/default/dwe861d018/images/VF9/NE3NV/CE18.png
Products-Car-VF9,VF 9,NE3NV,Plus tùy chọn ghế cơ trưởng,CE1M,Crimson Red,Màu cơ bản,0,1561000000,https://shop.vinfastauto.com/on/demandware.static/-/Sites-vinfast_vn_master/default/dwb97545ea/images/VF9/NE3NV/CE1M.png
Products-Car-VF9,VF 9,NE3NV,Plus tùy chọn ghế cơ trưởng,CE1W,Urban Mint,Màu cơ bản,0,1561000000,https://shop.vinfastauto.com/on/demandware.static/-/Sites-vinfast_vn_master/default/dw29074c9e/images/VF9/NE3NV/CE1W.png
Products-Car-VF9,VF 9,NE3NV,Plus tùy chọn ghế cơ trưởng,CE11,Jet Black,Màu cơ bản,0,1561000000,https://shop.vinfastauto.com/on/demandware.static/-/Sites-vinfast_vn_master/default/dwa0d506d6/images/VF9/NE3NV/CE11.png
Products-Car-VF9,VF 9,NE3NV,Plus tùy chọn ghế cơ trưởng,CE22,Ivy Green,Màu nâng cao,12000000,1573000000,https://shop.vinfastauto.com/on/demandware.static/-/Sites-vinfast_vn_master/default/dw19ebd8dd/images/VF9/NE3NV/CE22.png
Products-Car-VF9,VF 9,NE3NV,Plus tùy chọn ghế cơ trưởng,CE1V,Zenith Grey,Màu cơ bản,0,1561000000,https://shop.vinfastauto.com/on/demandware.static/-/Sites-vinfast_vn_master/default/dw72fbcd05/images/VF9/NE3NV/CE1V.png
Products-Car-VF9,VF 9,NE3NV,Plus tùy chọn ghế cơ trưởng,CE17,Desat Silver,Màu nâng cao,12000000,1573000000,https://shop.vinfastauto.com/on/demandware.static/-/Sites-vinfast_vn_master/default/dwcaee8de4/images/VF9/NE3NV/CE17.png
Products-Car-ECVAN,EC Van,TG10V,Tiêu chuẩn,CE1W,Urban Mint,Màu cơ bản,0,248000000,https://shop.vinfastauto.com/on/demandware.static/-/Sites-vinfast_vn_master/default/dwa3b049ee/images/ECVAN/TG10V/CE1W.png
Products-Car-ECVAN,EC Van,TG10V,Tiêu chuẩn,CE2Q,Solar Ruby,Màu cơ bản,0,248000000,https://shop.vinfastauto.com/on/demandware.static/-/Sites-vinfast_vn_master/default/dw11678742/images/ECVAN/TG10V/CE2Q.png
Products-Car-ECVAN,EC Van,TG10V,Tiêu chuẩn,CE1U,Yellow,Màu cơ bản,0,248000000,https://shop.vinfastauto.com/on/demandware.static/-/Sites-vinfast_vn_master/default/dw38888116/images/ECVAN/TG10V/CE1U.png
Products-Car-ECVAN,EC Van,TG10V,Tiêu chuẩn,CE18,Infinity Blanc,Màu cơ bản,0,248000000,https://shop.vinfastauto.com/on/demandware.static/-/Sites-vinfast_vn_master/default/dwe2a7e078/images/ECVAN/TG10V/CE18.png
Products-Car-ECVAN,EC Van,TG12V,Nâng cao - Có cửa trượt,CE1W,Urban Mint,Màu cơ bản,0,306000000,https://shop.vinfastauto.com/on/demandware.static/-/Sites-vinfast_vn_master/default/dwaf408f05/images/ECVAN/TG12V/CE1W.png
Products-Car-ECVAN,EC Van,TG12V,Nâng cao - Có cửa trượt,CE2Q,Solar Ruby,Màu cơ bản,0,306000000,https://shop.vinfastauto.com/on/demandware.static/-/Sites-vinfast_vn_master/default/dwa4f41267/images/ECVAN/TG12V/CE2Q.png
Products-Car-ECVAN,EC Van,TG12V,Nâng cao - Có cửa trượt,CE1U,Yellow,Màu cơ bản,0,306000000,https://shop.vinfastauto.com/on/demandware.static/-/Sites-vinfast_vn_master/default/dw269064cd/images/ECVAN/TG12V/CE1U.png
Products-Car-ECVAN,EC Van,TG12V,Nâng cao - Có cửa trượt,CE18,Infinity Blanc,Màu cơ bản,0,306000000,https://shop.vinfastauto.com/on/demandware.static/-/Sites-vinfast_vn_master/default/dwddcf5d86/images/ECVAN/TG12V/CE18.png
Products-Car-ECVAN,EC Van,TG11V,Nâng cao - Không cửa trượt,CE1W,Urban Mint,Màu cơ bản,0,286000000,https://shop.vinfastauto.com/on/demandware.static/-/Sites-vinfast_vn_master/default/dwa285abf1/images/ECVAN/TG11V/CE1W.png
Products-Car-ECVAN,EC Van,TG11V,Nâng cao - Không cửa trượt,CE2Q,Solar Ruby,Màu cơ bản,0,286000000,https://shop.vinfastauto.com/on/demandware.static/-/Sites-vinfast_vn_master/default/dwc35630b3/images/ECVAN/TG11V/CE2Q.png
Products-Car-ECVAN,EC Van,TG11V,Nâng cao - Không cửa trượt,CE1U,Yellow,Màu cơ bản,0,286000000,https://shop.vinfastauto.com/on/demandware.static/-/Sites-vinfast_vn_master/default/dw4cd5306d/images/ECVAN/TG11V/CE1U.png
Products-Car-ECVAN,EC Van,TG11V,Nâng cao - Không cửa trượt,CE18,Infinity Blanc,Màu cơ bản,0,286000000,https://shop.vinfastauto.com/on/demandware.static/-/Sites-vinfast_vn_master/default/dwcb4bbbaa/images/ECVAN/TG11V/CE18.png
Products-Car-HerioGreen,Herio Green,GA1XV,Tiêu chuẩn - 2,CE11,Jet Black,Màu cơ bản,0,450000000,https://shop.vinfastauto.com/on/demandware.static/-/Sites-vinfast_vn_master/default/dw315a6865/images/HerioGreen/GA1QV/CE11.png
Products-Car-HerioGreen,Herio Green,GA1XV,Tiêu chuẩn - 2,CE17,Desat Silver,Màu cơ bản,0,450000000,https://shop.vinfastauto.com/on/demandware.static/-/Sites-vinfast_vn_master/default/dwe6b7b6fe/images/HerioGreen/GA1QV/CE17.png
Products-Car-HerioGreen,Herio Green,GA1XV,Tiêu chuẩn - 2,CE2Q,Solar Ruby,Màu cơ bản,0,450000000,https://shop.vinfastauto.com/on/demandware.static/-/Sites-vinfast_vn_master/default/dw0efc30f8/images/HerioGreen/GA1QV/CE2Q.png
Products-Car-HerioGreen,Herio Green,GA1XV,Tiêu chuẩn - 2,CE18,Infinity Blanc,Màu cơ bản,0,450000000,https://shop.vinfastauto.com/on/demandware.static/-/Sites-vinfast_vn_master/default/dw7e0d8431/images/HerioGreen/GA1QV/CE18.webp
Products-Car-HerioGreen,Herio Green,GA1QV,Tiêu chuẩn - 1,CE11,Jet Black,Màu cơ bản,0,469000000,https://shop.vinfastauto.com/on/demandware.static/-/Sites-vinfast_vn_master/default/dw315a6865/images/HerioGreen/GA1QV/CE11.png
Products-Car-HerioGreen,Herio Green,GA1QV,Tiêu chuẩn - 1,CE17,Desat Silver,Màu cơ bản,0,469000000,https://shop.vinfastauto.com/on/demandware.static/-/Sites-vinfast_vn_master/default/dwe6b7b6fe/images/HerioGreen/GA1QV/CE17.png
Products-Car-HerioGreen,Herio Green,GA1QV,Tiêu chuẩn - 1,CE2Q,Solar Ruby,Màu cơ bản,0,469000000,https://shop.vinfastauto.com/on/demandware.static/-/Sites-vinfast_vn_master/default/dw0efc30f8/images/HerioGreen/GA1QV/CE2Q.png
Products-Car-HerioGreen,Herio Green,GA1QV,Tiêu chuẩn - 1,CE18,Infinity Blanc,Màu cơ bản,0,469000000,https://shop.vinfastauto.com/on/demandware.static/-/Sites-vinfast_vn_master/default/dw7e0d8431/images/HerioGreen/GA1QV/CE18.webp
Products-Car-LimoGreen,Limo Green,SL1VV,Tiêu chuẩn,CE17,Desat Silver,Màu cơ bản,0,699000000,https://shop.vinfastauto.com/on/demandware.static/-/Sites-vinfast_vn_master/default/dwd414e9c8/images/LimoGreen/SL1VV/CE17.png
Products-Car-LimoGreen,Limo Green,SL1VV,Tiêu chuẩn,CE11,Jet Black,Màu cơ bản,0,699000000,https://shop.vinfastauto.com/on/demandware.static/-/Sites-vinfast_vn_master/default/dwac981cbc/images/LimoGreen/SL1VV/CE11.png
Products-Car-LimoGreen,Limo Green,SL1VV,Tiêu chuẩn,CE18,Infinity Blanc,Màu cơ bản,0,699000000,https://shop.vinfastauto.com/on/demandware.static/-/Sites-vinfast_vn_master/default/dw03f37450/images/LimoGreen/SL1VV/CE18.webp
Products-Car-LimoGreen,Limo Green,SL1VV,Tiêu chuẩn,CE2Q,Solar Ruby,Màu cơ bản,0,699000000,https://shop.vinfastauto.com/on/demandware.static/-/Sites-vinfast_vn_master/default/dwdccfd85f/images/LimoGreen/SL1VV/CE2Q.png
Products-Car-MinioGreen,Minio Green,TH12V,Tiêu chuẩn,CE2I,Tropical Jade,Màu nâng cao,8000000,196000000,https://shop.vinfastauto.com/on/demandware.static/-/Sites-vinfast_vn_master/default/dw1e0e3a97/images/MinioGreen/TH12V/CE2I.png
Products-Car-MinioGreen,Minio Green,TH12V,Tiêu chuẩn,182K,Rose Metallic Body - Infinity Blanc Roof,Màu nâng cao,11000000,199000000,https://shop.vinfastauto.com/on/demandware.static/-/Sites-vinfast_vn_master/default/dw450e0989/images/MinioGreen/TH12V/182K.png
Products-Car-MinioGreen,Minio Green,TH12V,Tiêu chuẩn,1P2K,Rose Metallic Body - Aqua Blue Roof,Màu nâng cao,11000000,199000000,https://shop.vinfastauto.com/on/demandware.static/-/Sites-vinfast_vn_master/default/dw8b22f6a7/images/MinioGreen/TH12V/1P2K.png
Products-Car-MinioGreen,Minio Green,TH12V,Tiêu chuẩn,182I,Tropical Jade Body - Infinity Blanc Roof,Màu nâng cao,11000000,199000000,https://shop.vinfastauto.com/on/demandware.static/-/Sites-vinfast_vn_master/default/dwefdaaf5b/images/MinioGreen/TH12V/182I.png
Products-Car-MinioGreen,Minio Green,TH12V,Tiêu chuẩn,CE2K,Rose Metallic,Màu nâng cao,8000000,196000000,https://shop.vinfastauto.com/on/demandware.static/-/Sites-vinfast_vn_master/default/dw4c4df6a3/images/MinioGreen/TH12V/CE2K.png
Products-Car-MinioGreen,Minio Green,TH12V,Tiêu chuẩn,1U2I,Tropical Jade Body - Summer Yellow Roof,Màu nâng cao,11000000,199000000,https://shop.vinfastauto.com/on/demandware.static/-/Sites-vinfast_vn_master/default/dw53659f6f/images/MinioGreen/TH12V/1U2I.png
Products-Car-MinioGreen,Minio Green,TH12V,Tiêu chuẩn,182Q,Solar Ruby Body - Infinity Blanc Roof,Màu nâng cao,3000000,199000000,https://shop.vinfastauto.com/on/demandware.static/-/Sites-vinfast_vn_master/default/dw611e0990/images/MinioGreen/TH12V/182Q.png
Products-Car-MinioGreen,Minio Green,TH12V,Tiêu chuẩn,CE18,Infinity Blanc,Màu cơ bản,0,188000000,https://shop.vinfastauto.com/on/demandware.static/-/Sites-vinfast_vn_master/default/dwf5c66334/images/MinioGreen/TH12V/CE18.webp
Products-Car-MinioGreen,Minio Green,TH12V,Tiêu chuẩn,1U11,Jet Black Body - Summer Yellow Roof,Màu nâng cao,3000000,191000000,https://shop.vinfastauto.com/on/demandware.static/-/Sites-vinfast_vn_master/default/dwfd9341c0/images/MinioGreen/TH12V/1U11.png
Products-Car-MinioGreen,Minio Green,TH12V,Tiêu chuẩn,CE17,Desat Silver,Màu cơ bản,0,188000000,https://shop.vinfastauto.com/on/demandware.static/-/Sites-vinfast_vn_master/default/dwd04ff62a/images/MinioGreen/TH12V/CE17.png
Products-Car-MinioGreen,Minio Green,TH12V,Tiêu chuẩn,CE11,Jet Black,Màu cơ bản,0,188000000,https://shop.vinfastauto.com/on/demandware.static/-/Sites-vinfast_vn_master/default/dw378f8fa3/images/MinioGreen/TH12V/CE11.png
Products-Car-MinioGreen,Minio Green,TH12V,Tiêu chuẩn,1117,Desat Silver Body - Jet Black Roof,Màu nâng cao,3000000,191000000,https://shop.vinfastauto.com/on/demandware.static/-/Sites-vinfast_vn_master/default/dw34ce93ce/images/MinioGreen/TH12V/1117.png
Products-Car-MinioGreen,Minio Green,TH12V,Tiêu chuẩn,CE2Q,Solar Ruby,Màu cơ bản,0,188000000,https://shop.vinfastauto.com/on/demandware.static/-/Sites-vinfast_vn_master/default/dwe6d79257/images/MinioGreen/TH12V/CE2Q.png
Products-Car-MinioGreen,Minio Green,TH12V,Tiêu chuẩn,181U,Summer Yellow Body - Infinity Blanc Roof,Màu nâng cao,3000000,191000000,https://shop.vinfastauto.com/on/demandware.static/-/Sites-vinfast_vn_master/default/dwb6dded83/images/MinioGreen/TH12V/181U.png
Products-Car-VF8-THE-ALL-NEW,VF 8 The All New,HC11V,Comfort,CE33,Starburst Blue,Màu cơ bản,0,899000000,https://shop.vinfastauto.com/on/demandware.static/-/Sites-vinfast_vn_master/default/dwf9ced529/images/VF8-THE-ALL-NEW/HC11V/CE33.png
Products-Car-VF8-THE-ALL-NEW,VF 8 The All New,HC11V,Comfort,1832,Vitality Orange Body - Infinity Blanc Roof,Màu nâng cao,12000000,911000000,https://shop.vinfastauto.com/on/demandware.static/-/Sites-vinfast_vn_master/default/dw9ab72c63/images/VF8-THE-ALL-NEW/HC11V/1832.png
Products-Car-VF8-THE-ALL-NEW,VF 8 The All New,HC11V,Comfort,1833,Starburst Blue Body - Infinity Blanc Roof,Màu nâng cao,12000000,911000000,https://shop.vinfastauto.com/on/demandware.static/-/Sites-vinfast_vn_master/default/dw816b974c/images/VF8-THE-ALL-NEW/HC11V/1833.png
Products-Car-VF8-THE-ALL-NEW,VF 8 The All New,HC11V,Comfort,CE11,Jet Black,Màu cơ bản,0,899000000,https://shop.vinfastauto.com/on/demandware.static/-/Sites-vinfast_vn_master/default/dw824e42d7/images/VF8-THE-ALL-NEW/HC11V/CE11.png
Products-Car-VF8-THE-ALL-NEW,VF 8 The All New,HC11V,Comfort,CE32,Vitality Orange,Màu nâng cao,12000000,911000000,https://shop.vinfastauto.com/on/demandware.static/-/Sites-vinfast_vn_master/default/dw93940328/images/VF8-THE-ALL-NEW/HC11V/CE32.png
Products-Car-VF8-THE-ALL-NEW,VF 8 The All New,HC11V,Comfort,112Q,Solar Ruby Body - Jet Black Roof,Màu nâng cao,12000000,911000000,https://shop.vinfastauto.com/on/demandware.static/-/Sites-vinfast_vn_master/default/dw53309266/images/VF8-THE-ALL-NEW/HC11V/112Q.png
Products-Car-VF8-THE-ALL-NEW,VF 8 The All New,HC11V,Comfort,3111,Jet Black Body - Stealth Gray Roof,Màu nâng cao,12000000,911000000,https://shop.vinfastauto.com/on/demandware.static/-/Sites-vinfast_vn_master/default/dwbf29a7b3/images/VF8-THE-ALL-NEW/HC11V/3111.png
Products-Car-VF8-THE-ALL-NEW,VF 8 The All New,HC11V,Comfort,CE2O,Mysterioso Purple,Màu nâng cao,12000000,911000000,https://shop.vinfastauto.com/on/demandware.static/-/Sites-vinfast_vn_master/default/dw5c1ec7cb/images/VF8-THE-ALL-NEW/HC11V/CE2O.png
Products-Car-VF8-THE-ALL-NEW,VF 8 The All New,HC11V,Comfort,1132,Vitality Orange Body - Jet Black Roof,Màu nâng cao,12000000,911000000,https://shop.vinfastauto.com/on/demandware.static/-/Sites-vinfast_vn_master/default/dwead37025/images/VF8-THE-ALL-NEW/HC11V/1132.png
Products-Car-VF8-THE-ALL-NEW,VF 8 The All New,HC11V,Comfort,CE18,Infinity Blanc,Màu cơ bản,0,899000000,https://shop.vinfastauto.com/on/demandware.static/-/Sites-vinfast_vn_master/default/dw21e7c506/images/VF8-THE-ALL-NEW/HC11V/CE18.png
Products-Car-VF8-THE-ALL-NEW,VF 8 The All New,HC11V,Comfort,CE2Q,Solar Ruby,Màu cơ bản,0,899000000,https://shop.vinfastauto.com/on/demandware.static/-/Sites-vinfast_vn_master/default/dw7eafc548/images/VF8-THE-ALL-NEW/HC11V/CE2Q.png
Products-Car-VF8-THE-ALL-NEW,VF 8 The All New,HC11V,Comfort,312O,Mysterioso Purple Body - Stealth Gray Roof,Màu nâng cao,12000000,911000000,https://shop.vinfastauto.com/on/demandware.static/-/Sites-vinfast_vn_master/default/dw98591b40/images/VF8-THE-ALL-NEW/HC11V/312O.png
Products-Car-VFMPV7,VF MPV 7,SL1WV,Tiêu chuẩn,CE1V,Zenith Grey,Màu cơ bản,0,750000000,https://shop.vinfastauto.com/on/demandware.static/-/Sites-vinfast_vn_master/default/dwaa49bf74/images/VFMPV7/SL1WV/CE1V.png
Products-Car-VFMPV7,VF MPV 7,SL1WV,Tiêu chuẩn,CE2J,Moonlit Ocean,Màu nâng cao,10000000,760000000,https://shop.vinfastauto.com/on/demandware.static/-/Sites-vinfast_vn_master/default/dw387ee762/images/VFMPV7/SL1WV/CE2J.png
Products-Car-VFMPV7,VF MPV 7,SL1WV,Tiêu chuẩn,CE11,Jet Black,Màu cơ bản,0,750000000,https://shop.vinfastauto.com/on/demandware.static/-/Sites-vinfast_vn_master/default/dw4455dc5c/images/VFMPV7/SL1WV/CE11.png
Products-Car-VFMPV7,VF MPV 7,SL1WV,Tiêu chuẩn,CE18,Infinity Blanc,Màu cơ bản,0,750000000,https://shop.vinfastauto.com/on/demandware.static/-/Sites-vinfast_vn_master/default/dwc07e37d2/images/VFMPV7/SL1WV/CE18.png
Products-Car-VFMPV7,VF MPV 7,SL1WV,Tiêu chuẩn,CE2Q,Solar Ruby,Màu cơ bản,0,750000000,https://shop.vinfastauto.com/on/demandware.static/-/Sites-vinfast_vn_master/default/dw0e4bf426/images/VFMPV7/SL1WV/CE2Q.png
Products-Car-VFMPV7,VF MPV 7,SL1WV,Tiêu chuẩn,CE2N,Introspective Brown,Màu nâng cao,10000000,760000000,https://shop.vinfastauto.com/on/demandware.static/-/Sites-vinfast_vn_master/default/dw30cd00e9/images/VFMPV7/SL1WV/CE2N.png
Products-Car-VFWILD,VF Wild,HJ01V,Tiêu chuẩn,CE2Q,Solar Ruby,Màu cơ bản,0,860000000,https://shop.vinfastauto.com/on/demandware.static/-/Sites-vinfast_vn_master/default/dw2945a2cb/images/VFWILD/HJ01V/CE2Q.png
Products-Car-VFWILD,VF Wild,HJ01V,Tiêu chuẩn,CE31,Stealth Gray,Màu cơ bản,0,872000000,https://shop.vinfastauto.com/on/demandware.static/-/Sites-vinfast_vn_master/default/dw9bc35066/images/VFWILD/HJ01V/CE31.png
Products-Car-VFWILD,VF Wild,HJ01V,Tiêu chuẩn,CE11,Jet Black,Màu cơ bản,0,860000000,https://shop.vinfastauto.com/on/demandware.static/-/Sites-vinfast_vn_master/default/dw3432f4b5/images/VFWILD/HJ01V/CE11.png
Products-Car-VFWILD,VF Wild,HJ01V,Tiêu chuẩn,CE18,Infinity Blanc,Màu cơ bản,0,860000000,https://shop.vinfastauto.com/on/demandware.static/-/Sites-vinfast_vn_master/default/dw11046afe/images/VFWILD/HJ01V/CE18.png
