province_id,province_name,zone,car_license_plate_fee_vnd,car_registration_fee_pct,bike_license_fee_low_vnd,bike_license_fee_medium_vnd,bike_license_fee_high_vnd,bike_registration_fee_pct
Hà Nội,Hà Nội,KV1,14000000,0,1000000,2000000,4000000,0.05
TP. Hồ Chí Minh,TP. Hồ Chí Minh,KV1,14000000,0,1000000,2000000,4000000,0.05
Đà Nẵng,Đà Nẵng,KV2,1000000,0,150000,150000,150000,0.05
Hải Phòng,Hải Phòng,KV2,1000000,0,150000,150000,150000,0.05
Cần Thơ,Cần Thơ,KV2,1000000,0,150000,150000,150000,0.05
An Giang,An Giang,KV2,1000000,0,150000,150000,150000,0.02
Bà Rịa Vũng Tàu,Bà Rịa Vũng Tàu,KV2,1000000,0.1,150000,150000,150000,0.02
Bình Dương,Bình Dương,KV2,1000000,0.1,150000,150000,150000,0.02
Bình Phước,Bình Phước,KV2,1000000,0.1,150000,150000,150000,0.02
Bình Thuận,Bình Thuận,KV2,1000000,0.1,150000,150000,150000,0.02
Bình Định,Bình Định,KV2,1000000,0.1,150000,150000,150000,0.02
Bạc Liêu,Bạc Liêu,KV2,1000000,0.1,150000,150000,150000,0.02
Bắc Giang,Bắc Giang,KV2,1000000,0.1,150000,150000,150000,0.02
Bắc Kạn,Bắc Kạn,KV2,1000000,0.1,150000,150000,150000,0.02
Bắc Ninh,Bắc Ninh,KV2,1000000,0,150000,150000,150000,0.02
Bến Tre,Bến Tre,KV2,1000000,0.1,150000,150000,150000,0.02
Cao Bằng,Cao Bằng,KV2,1000000,0,150000,150000,150000,0.02
Cà Mau,Cà Mau,KV2,1000000,0,150000,150000,150000,0.02
Gia Lai,Gia Lai,KV2,1000000,0,150000,150000,150000,0.02
Hà Giang,Hà Giang,KV2,1000000,0.1,150000,150000,150000,0.02
Hà Nam,Hà Nam,KV2,1000000,0.1,150000,150000,150000,0.02
Hà Tĩnh,Hà Tĩnh,KV2,1000000,0,150000,150000,150000,0.02
Hòa Bình,Hòa Bình,KV2,1000000,0.1,150000,150000,150000,0.02
Hưng Yên,Hưng Yên,KV2,1000000,0,150000,150000,150000,0.02
Hải Dương,Hải Dương,KV2,1000000,0.1,150000,150000,150000,0.02
Hậu Giang,Hậu Giang,KV2,1000000,0.1,150000,150000,150000,0.02
Khánh Hòa,Khánh Hòa,KV2,1000000,0,150000,150000,150000,0.02
Kiên Giang,Kiên Giang,KV2,1000000,0.1,150000,150000,150000,0.02
Kon Tum,Kon Tum,KV2,1000000,0.1,150000,150000,150000,0.02
Lai Châu,Lai Châu,KV2,1000000,0,150000,150000,150000,0.02
Long An,Long An,KV2,1000000,0.1,150000,150000,150000,0.02
Lào Cai,Lào Cai,KV2,1000000,0,150000,150000,150000,0.02
Lâm Đồng,Lâm Đồng,KV2,1000000,0,150000,150000,150000,0.02
Lạng Sơn,Lạng Sơn,KV2,1000000,0,150000,150000,150000,0.02
Nam Định,Nam Định,KV2,1000000,0.1,150000,150000,150000,0.02
Nghệ An,Nghệ An,KV2,1000000,0,150000,150000,150000,0.02
Ninh Bình,Ninh Bình,KV2,1000000,0,150000,150000,150000,0.02
Ninh Thuận,Ninh Thuận,KV2,1000000,0.1,150000,150000,150000,0.02
Phú Thọ,Phú Thọ,KV2,1000000,0,150000,150000,150000,0.02
Phú Yên,Phú Yên,KV2,1000000,0.1,150000,150000,150000,0.02
Quảng Bình,Quảng Bình,KV2,1000000,0.1,150000,150000,150000,0.02
Quảng Nam,Quảng Nam,KV2,1000000,0.1,150000,150000,150000,0.02
Quảng Ngãi,Quảng Ngãi,KV2,1000000,0,150000,150000,150000,0.02
Quảng Ninh,Quảng Ninh,KV2,1000000,0,150000,150000,150000,0.02
Quảng Trị,Quảng Trị,KV2,1000000,0,150000,150000,150000,0.02
Sóc Trăng,Sóc Trăng,KV2,1000000,0.1,150000,150000,150000,0.02
Sơn La,Sơn La,KV2,1000000,0,150000,150000,150000,0.02
Thanh Hóa,Thanh Hóa,KV2,1000000,0,150000,150000,150000,0.02
Thái Bình,Thái Bình,KV2,1000000,0.1,150000,150000,150000,0.02
Thái Nguyên,Thái Nguyên,KV2,1000000,0,150000,150000,150000,0.02
Thừa Thiên Huế,Thừa Thiên Huế,KV2,1000000,0,150000,150000,150000,0.02
Tiền Giang,Tiền Giang,KV2,1000000,0.1,150000,150000,150000,0.02
Trà Vinh,Trà Vinh,KV2,1000000,0.1,150000,150000,150000,0.02
Tuyên Quang,Tuyên Quang,KV2,1000000,0,150000,150000,150000,0.02
Tây Ninh,Tây Ninh,KV2,1000000,0,150000,150000,150000,0.02
Vĩnh Long,Vĩnh Long,KV2,1000000,0,150000,150000,150000,0.02
Vĩnh Phúc,Vĩnh Phúc,KV2,1000000,0.1,150000,150000,150000,0.02
Yên Bái,Yên Bái,KV2,1000000,0.1,150000,150000,150000,0.02
Điện Biên,Điện Biên,KV2,1000000,0,150000,150000,150000,0.02
Đăk Lăk,Đăk Lăk,KV2,1000000,0,150000,150000,150000,0.02
Đăk Nông,Đăk Nông,KV3,1000000,0.1,50000,50000,50000,0.02
Đồng Nai,Đồng Nai,KV2,1000000,0,150000,150000,150000,0.02
Đồng Tháp,Đồng Tháp,KV2,1000000,0,150000,150000,150000,0.02
