model_id,model_name,edition_id,edition_name,car_base_price_vnd,province_name,zone,registration_fee_vnd,license_plate_fee_vnd,road_maintenance_fee_1yr,civil_insurance_fee_1yr,inspection_fee,total_mandatory_fees_vnd,total_rolling_cost_vnd
Products-Car-VF9,VF 9,NE3LV,Eco,1348000000,Hà Nội,KV1,0,14000000,1560000,480700,340000,16380700,1364380700
Products-Car-VF9,VF 9,NE3LV,Eco,1348000000,TP. Hồ Chí Minh,KV1,0,14000000,1560000,480700,340000,16380700,1364380700
Products-Car-VF9,VF 9,NE3LV,Eco,1348000000,Đà Nẵng,KV2,0,1000000,1560000,480700,340000,3380700,1351380700
Products-Car-VF9,VF 9,NE3LV,Eco,1348000000,Hải Phòng,KV2,0,1000000,1560000,480700,340000,3380700,1351380700
Products-Car-VF9,VF 9,NE3LV,Eco,1348000000,Cần Thơ,KV2,0,1000000,1560000,480700,340000,3380700,1351380700
Products-Car-VF9,VF 9,NE3LV,Eco,1348000000,Bình Dương,KV2,0,1000000,1560000,480700,340000,3380700,1351380700
Products-Car-VF9,VF 9,NE3LV,Eco,1348000000,Quảng Ninh,KV2,0,1000000,1560000,480700,340000,3380700,1351380700
Products-Car-VF9,VF 9,NE3LV,Eco,1348000000,Đồng Nai,KV2,0,1000000,1560000,480700,340000,3380700,1351380700
Products-Car-VF8-THE-ALL-NEW,VF 8 The All New,HC11V,Comfort,899000000,Hà Nội,KV1,0,14000000,1560000,480700,340000,16380700,915380700
Products-Car-VF8-THE-ALL-NEW,VF 8 The All New,HC11V,Comfort,899000000,TP. Hồ Chí Minh,KV1,0,14000000,1560000,480700,340000,16380700,915380700
Products-Car-VF8-THE-ALL-NEW,VF 8 The All New,HC11V,Comfort,899000000,Đà Nẵng,KV2,0,1000000,1560000,480700,340000,3380700,902380700
Products-Car-VF8-THE-ALL-NEW,VF 8 The All New,HC11V,Comfort,899000000,Hải Phòng,KV2,0,1000000,1560000,480700,340000,3380700,902380700
Products-Car-VF8-THE-ALL-NEW,VF 8 The All New,HC11V,Comfort,899000000,Cần Thơ,KV2,0,1000000,1560000,480700,340000,3380700,902380700
Products-Car-VF8-THE-ALL-NEW,VF 8 The All New,HC11V,Comfort,899000000,Bình Dương,KV2,0,1000000,1560000,480700,340000,3380700,902380700
Products-Car-VF8-THE-ALL-NEW,VF 8 The All New,HC11V,Comfort,899000000,Quảng Ninh,KV2,0,1000000,1560000,480700,340000,3380700,902380700
Products-Car-VF8-THE-ALL-NEW,VF 8 The All New,HC11V,Comfort,899000000,Đồng Nai,KV2,0,1000000,1560000,480700,340000,3380700,902380700
Products-Car-VF9,VF 9,NE3NV,Plus tùy chọn ghế cơ trưởng,1561000000,Hà Nội,KV1,0,14000000,1560000,480700,340000,16380700,1577380700
Products-Car-VF9,VF 9,NE3NV,Plus tùy chọn ghế cơ trưởng,1561000000,TP. Hồ Chí Minh,KV1,0,14000000,1560000,480700,340000,16380700,1577380700
Products-Car-VF9,VF 9,NE3NV,Plus tùy chọn ghế cơ trưởng,1561000000,Đà Nẵng,KV2,0,1000000,1560000,480700,340000,3380700,1564380700
Products-Car-VF9,VF 9,NE3NV,Plus tùy chọn ghế cơ trưởng,1561000000,Hải Phòng,KV2,0,1000000,1560000,480700,340000,3380700,1564380700
Products-Car-VF9,VF 9,NE3NV,Plus tùy chọn ghế cơ trưởng,1561000000,Cần Thơ,KV2,0,1000000,1560000,480700,340000,3380700,1564380700
Products-Car-VF9,VF 9,NE3NV,Plus tùy chọn ghế cơ trưởng,1561000000,Bình Dương,KV2,0,1000000,1560000,480700,340000,3380700,1564380700
Products-Car-VF9,VF 9,NE3NV,Plus tùy chọn ghế cơ trưởng,1561000000,Quảng Ninh,KV2,0,1000000,1560000,480700,340000,3380700,1564380700
Products-Car-VF9,VF 9,NE3NV,Plus tùy chọn ghế cơ trưởng,1561000000,Đồng Nai,KV2,0,1000000,1560000,480700,340000,3380700,1564380700
Products-Car-VF6,VF 6,JB12V,Plus,699000000,Hà Nội,KV1,0,14000000,1560000,480700,340000,16380700,715380700
Products-Car-VF6,VF 6,JB12V,Plus,699000000,TP. Hồ Chí Minh,KV1,0,14000000,1560000,480700,340000,16380700,715380700
Products-Car-VF6,VF 6,JB12V,Plus,699000000,Đà Nẵng,KV2,0,1000000,1560000,480700,340000,3380700,702380700
Products-Car-VF6,VF 6,JB12V,Plus,699000000,Hải Phòng,KV2,0,1000000,1560000,480700,340000,3380700,702380700
Products-Car-VF6,VF 6,JB12V,Plus,699000000,Cần Thơ,KV2,0,1000000,1560000,480700,340000,3380700,702380700
Products-Car-VF6,VF 6,JB12V,Plus,699000000,Bình Dương,KV2,0,1000000,1560000,480700,340000,3380700,702380700
Products-Car-VF6,VF 6,JB12V,Plus,699000000,Quảng Ninh,KV2,0,1000000,1560000,480700,340000,3380700,702380700
Products-Car-VF6,VF 6,JB12V,Plus,699000000,Đồng Nai,KV2,0,1000000,1560000,480700,340000,3380700,702380700
Products-Car-VF8,VF 8,ND31V,Eco,898000000,Hà Nội,KV1,0,14000000,1560000,480700,340000,16380700,914380700
Products-Car-VF8,VF 8,ND31V,Eco,898000000,TP. Hồ Chí Minh,KV1,0,14000000,1560000,480700,340000,16380700,914380700
Products-Car-VF8,VF 8,ND31V,Eco,898000000,Đà Nẵng,KV2,0,1000000,1560000,480700,340000,3380700,901380700
Products-Car-VF8,VF 8,ND31V,Eco,898000000,Hải Phòng,KV2,0,1000000,1560000,480700,340000,3380700,901380700
Products-Car-VF8,VF 8,ND31V,Eco,898000000,Cần Thơ,KV2,0,1000000,1560000,480700,340000,3380700,901380700
Products-Car-VF8,VF 8,ND31V,Eco,898000000,Bình Dương,KV2,0,1000000,1560000,480700,340000,3380700,901380700
Products-Car-VF8,VF 8,ND31V,Eco,898000000,Quảng Ninh,KV2,0,1000000,1560000,480700,340000,3380700,901380700
Products-Car-VF8,VF 8,ND31V,Eco,898000000,Đồng Nai,KV2,0,1000000,1560000,480700,340000,3380700,901380700
Products-Car-ECVAN,EC Van,TG10V_PAK2,TG10V_PAK2,305000000,Hà Nội,KV1,0,14000000,1560000,480700,340000,16380700,321380700
Products-Car-ECVAN,EC Van,TG10V_PAK2,TG10V_PAK2,305000000,TP. Hồ Chí Minh,KV1,0,14000000,1560000,480700,340000,16380700,321380700
Products-Car-ECVAN,EC Van,TG10V_PAK2,TG10V_PAK2,305000000,Đà Nẵng,KV2,0,1000000,1560000,480700,340000,3380700,308380700
Products-Car-ECVAN,EC Van,TG10V_PAK2,TG10V_PAK2,305000000,Hải Phòng,KV2,0,1000000,1560000,480700,340000,3380700,308380700
Products-Car-ECVAN,EC Van,TG10V_PAK2,TG10V_PAK2,305000000,Cần Thơ,KV2,0,1000000,1560000,480700,340000,3380700,308380700
Products-Car-ECVAN,EC Van,TG10V_PAK2,TG10V_PAK2,305000000,Bình Dương,KV2,0,1000000,1560000,480700,340000,3380700,308380700
Products-Car-ECVAN,EC Van,TG10V_PAK2,TG10V_PAK2,305000000,Quảng Ninh,KV2,0,1000000,1560000,480700,340000,3380700,308380700
Products-Car-ECVAN,EC Van,TG10V_PAK2,TG10V_PAK2,305000000,Đồng Nai,KV2,0,1000000,1560000,480700,340000,3380700,308380700
Products-Car-VF3,VF 3,TI1BV,Plus,296000000,Hà Nội,KV1,0,14000000,1560000,480700,340000,16380700,312380700
Products-Car-VF3,VF 3,TI1BV,Plus,296000000,TP. Hồ Chí Minh,KV1,0,14000000,1560000,480700,340000,16380700,312380700
Products-Car-VF3,VF 3,TI1BV,Plus,296000000,Đà Nẵng,KV2,0,1000000,1560000,480700,340000,3380700,299380700
Products-Car-VF3,VF 3,TI1BV,Plus,296000000,Hải Phòng,KV2,0,1000000,1560000,480700,340000,3380700,299380700
Products-Car-VF3,VF 3,TI1BV,Plus,296000000,Cần Thơ,KV2,0,1000000,1560000,480700,340000,3380700,299380700
Products-Car-VF3,VF 3,TI1BV,Plus,296000000,Bình Dương,KV2,0,1000000,1560000,480700,340000,3380700,299380700
Products-Car-VF3,VF 3,TI1BV,Plus,296000000,Quảng Ninh,KV2,0,1000000,1560000,480700,340000,3380700,299380700
Products-Car-VF3,VF 3,TI1BV,Plus,296000000,Đồng Nai,KV2,0,1000000,1560000,480700,340000,3380700,299380700
Products-Car-VF5,VF 5,GA12V,Plus,496000000,Hà Nội,KV1,0,14000000,1560000,480700,340000,16380700,512380700
Products-Car-VF5,VF 5,GA12V,Plus,496000000,TP. Hồ Chí Minh,KV1,0,14000000,1560000,480700,340000,16380700,512380700
Products-Car-VF5,VF 5,GA12V,Plus,496000000,Đà Nẵng,KV2,0,1000000,1560000,480700,340000,3380700,499380700
Products-Car-VF5,VF 5,GA12V,Plus,496000000,Hải Phòng,KV2,0,1000000,1560000,480700,340000,3380700,499380700
Products-Car-VF5,VF 5,GA12V,Plus,496000000,Cần Thơ,KV2,0,1000000,1560000,480700,340000,3380700,499380700
Products-Car-VF5,VF 5,GA12V,Plus,496000000,Bình Dương,KV2,0,1000000,1560000,480700,340000,3380700,499380700
Products-Car-VF5,VF 5,GA12V,Plus,496000000,Quảng Ninh,KV2,0,1000000,1560000,480700,340000,3380700,499380700
Products-Car-VF5,VF 5,GA12V,Plus,496000000,Đồng Nai,KV2,0,1000000,1560000,480700,340000,3380700,499380700
Products-Car-HerioGreen,Herio Green,GA1XV,Tiêu chuẩn - 2,450000000,Hà Nội,KV1,0,14000000,1560000,480700,340000,16380700,466380700
Products-Car-HerioGreen,Herio Green,GA1XV,Tiêu chuẩn - 2,450000000,TP. Hồ Chí Minh,KV1,0,14000000,1560000,480700,340000,16380700,466380700
Products-Car-HerioGreen,Herio Green,GA1XV,Tiêu chuẩn - 2,450000000,Đà Nẵng,KV2,0,1000000,1560000,480700,340000,3380700,453380700
Products-Car-HerioGreen,Herio Green,GA1XV,Tiêu chuẩn - 2,450000000,Hải Phòng,KV2,0,1000000,1560000,480700,340000,3380700,453380700
Products-Car-HerioGreen,Herio Green,GA1XV,Tiêu chuẩn - 2,450000000,Cần Thơ,KV2,0,1000000,1560000,480700,340000,3380700,453380700
Products-Car-HerioGreen,Herio Green,GA1XV,Tiêu chuẩn - 2,450000000,Bình Dương,KV2,0,1000000,1560000,480700,340000,3380700,453380700
Products-Car-HerioGreen,Herio Green,GA1XV,Tiêu chuẩn - 2,450000000,Quảng Ninh,KV2,0,1000000,1560000,480700,340000,3380700,453380700
Products-Car-HerioGreen,Herio Green,GA1XV,Tiêu chuẩn - 2,450000000,Đồng Nai,KV2,0,1000000,1560000,480700,340000,3380700,453380700
Products-Car-VF7,VF 7,GC12V,Plus,830000000,Hà Nội,KV1,0,14000000,1560000,480700,340000,16380700,846380700
Products-Car-VF7,VF 7,GC12V,Plus,830000000,TP. Hồ Chí Minh,KV1,0,14000000,1560000,480700,340000,16380700,846380700
Products-Car-VF7,VF 7,GC12V,Plus,830000000,Đà Nẵng,KV2,0,1000000,1560000,480700,340000,3380700,833380700
Products-Car-VF7,VF 7,GC12V,Plus,830000000,Hải Phòng,KV2,0,1000000,1560000,480700,340000,3380700,833380700
Products-Car-VF7,VF 7,GC12V,Plus,830000000,Cần Thơ,KV2,0,1000000,1560000,480700,340000,3380700,833380700
Products-Car-VF7,VF 7,GC12V,Plus,830000000,Bình Dương,KV2,0,1000000,1560000,480700,340000,3380700,833380700
Products-Car-VF7,VF 7,GC12V,Plus,830000000,Quảng Ninh,KV2,0,1000000,1560000,480700,340000,3380700,833380700
Products-Car-VF7,VF 7,GC12V,Plus,830000000,Đồng Nai,KV2,0,1000000,1560000,480700,340000,3380700,833380700
Products-Car-VF6,VF 6,JB10V,Eco,646000000,Hà Nội,KV1,0,14000000,1560000,480700,340000,16380700,662380700
Products-Car-VF6,VF 6,JB10V,Eco,646000000,TP. Hồ Chí Minh,KV1,0,14000000,1560000,480700,340000,16380700,662380700
Products-Car-VF6,VF 6,JB10V,Eco,646000000,Đà Nẵng,KV2,0,1000000,1560000,480700,340000,3380700,649380700
Products-Car-VF6,VF 6,JB10V,Eco,646000000,Hải Phòng,KV2,0,1000000,1560000,480700,340000,3380700,649380700
Products-Car-VF6,VF 6,JB10V,Eco,646000000,Cần Thơ,KV2,0,1000000,1560000,480700,340000,3380700,649380700
Products-Car-VF6,VF 6,JB10V,Eco,646000000,Bình Dương,KV2,0,1000000,1560000,480700,340000,3380700,649380700
Products-Car-VF6,VF 6,JB10V,Eco,646000000,Quảng Ninh,KV2,0,1000000,1560000,480700,340000,3380700,649380700
Products-Car-VF6,VF 6,JB10V,Eco,646000000,Đồng Nai,KV2,0,1000000,1560000,480700,340000,3380700,649380700
Products-Car-VF9,VF 9,NE3MV,Plus tùy chọn 7 chỗ,1529000000,Hà Nội,KV1,0,14000000,1560000,480700,340000,16380700,1545380700
Products-Car-VF9,VF 9,NE3MV,Plus tùy chọn 7 chỗ,1529000000,TP. Hồ Chí Minh,KV1,0,14000000,1560000,480700,340000,16380700,1545380700
Products-Car-VF9,VF 9,NE3MV,Plus tùy chọn 7 chỗ,1529000000,Đà Nẵng,KV2,0,1000000,1560000,480700,340000,3380700,1532380700
Products-Car-VF9,VF 9,NE3MV,Plus tùy chọn 7 chỗ,1529000000,Hải Phòng,KV2,0,1000000,1560000,480700,340000,3380700,1532380700
Products-Car-VF9,VF 9,NE3MV,Plus tùy chọn 7 chỗ,1529000000,Cần Thơ,KV2,0,1000000,1560000,480700,340000,3380700,1532380700
Products-Car-VF9,VF 9,NE3MV,Plus tùy chọn 7 chỗ,1529000000,Bình Dương,KV2,0,1000000,1560000,480700,340000,3380700,1532380700
Products-Car-VF9,VF 9,NE3MV,Plus tùy chọn 7 chỗ,1529000000,Quảng Ninh,KV2,0,1000000,1560000,480700,340000,3380700,1532380700
Products-Car-VF9,VF 9,NE3MV,Plus tùy chọn 7 chỗ,1529000000,Đồng Nai,KV2,0,1000000,1560000,480700,340000,3380700,1532380700
Products-Car-VF3,VF 3,TI1CV,Eco,285000000,Hà Nội,KV1,0,14000000,1560000,480700,340000,16380700,301380700
Products-Car-VF3,VF 3,TI1CV,Eco,285000000,TP. Hồ Chí Minh,KV1,0,14000000,1560000,480700,340000,16380700,301380700
Products-Car-VF3,VF 3,TI1CV,Eco,285000000,Đà Nẵng,KV2,0,1000000,1560000,480700,340000,3380700,288380700
Products-Car-VF3,VF 3,TI1CV,Eco,285000000,Hải Phòng,KV2,0,1000000,1560000,480700,340000,3380700,288380700
Products-Car-VF3,VF 3,TI1CV,Eco,285000000,Cần Thơ,KV2,0,1000000,1560000,480700,340000,3380700,288380700
Products-Car-VF3,VF 3,TI1CV,Eco,285000000,Bình Dương,KV2,0,1000000,1560000,480700,340000,3380700,288380700
Products-Car-VF3,VF 3,TI1CV,Eco,285000000,Quảng Ninh,KV2,0,1000000,1560000,480700,340000,3380700,288380700
Products-Car-VF3,VF 3,TI1CV,Eco,285000000,Đồng Nai,KV2,0,1000000,1560000,480700,340000,3380700,288380700
Products-Car-HerioGreen,Herio Green,GA1QV,Tiêu chuẩn - 1,469000000,Hà Nội,KV1,0,14000000,1560000,480700,340000,16380700,485380700
Products-Car-HerioGreen,Herio Green,GA1QV,Tiêu chuẩn - 1,469000000,TP. Hồ Chí Minh,KV1,0,14000000,1560000,480700,340000,16380700,485380700
Products-Car-HerioGreen,Herio Green,GA1QV,Tiêu chuẩn - 1,469000000,Đà Nẵng,KV2,0,1000000,1560000,480700,340000,3380700,472380700
Products-Car-HerioGreen,Herio Green,GA1QV,Tiêu chuẩn - 1,469000000,Hải Phòng,KV2,0,1000000,1560000,480700,340000,3380700,472380700
Products-Car-HerioGreen,Herio Green,GA1QV,Tiêu chuẩn - 1,469000000,Cần Thơ,KV2,0,1000000,1560000,480700,340000,3380700,472380700
Products-Car-HerioGreen,Herio Green,GA1QV,Tiêu chuẩn - 1,469000000,Bình Dương,KV2,0,1000000,1560000,480700,340000,3380700,472380700
Products-Car-HerioGreen,Herio Green,GA1QV,Tiêu chuẩn - 1,469000000,Quảng Ninh,KV2,0,1000000,1560000,480700,340000,3380700,472380700
Products-Car-HerioGreen,Herio Green,GA1QV,Tiêu chuẩn - 1,469000000,Đồng Nai,KV2,0,1000000,1560000,480700,340000,3380700,472380700
Products-Car-VF7,VF 7,GC12V_T023,Plus 2 động cơ,879000000,Hà Nội,KV1,0,14000000,1560000,480700,340000,16380700,895380700
Products-Car-VF7,VF 7,GC12V_T023,Plus 2 động cơ,879000000,TP. Hồ Chí Minh,KV1,0,14000000,1560000,480700,340000,16380700,895380700
Products-Car-VF7,VF 7,GC12V_T023,Plus 2 động cơ,879000000,Đà Nẵng,KV2,0,1000000,1560000,480700,340000,3380700,882380700
Products-Car-VF7,VF 7,GC12V_T023,Plus 2 động cơ,879000000,Hải Phòng,KV2,0,1000000,1560000,480700,340000,3380700,882380700
Products-Car-VF7,VF 7,GC12V_T023,Plus 2 động cơ,879000000,Cần Thơ,KV2,0,1000000,1560000,480700,340000,3380700,882380700
Products-Car-VF7,VF 7,GC12V_T023,Plus 2 động cơ,879000000,Bình Dương,KV2,0,1000000,1560000,480700,340000,3380700,882380700
Products-Car-VF7,VF 7,GC12V_T023,Plus 2 động cơ,879000000,Quảng Ninh,KV2,0,1000000,1560000,480700,340000,3380700,882380700
Products-Car-VF7,VF 7,GC12V_T023,Plus 2 động cơ,879000000,Đồng Nai,KV2,0,1000000,1560000,480700,340000,3380700,882380700
Products-Car-VF8,VF 8,ND32V,Plus,1079000000,Hà Nội,KV1,0,14000000,1560000,480700,340000,16380700,1095380700
Products-Car-VF8,VF 8,ND32V,Plus,1079000000,TP. Hồ Chí Minh,KV1,0,14000000,1560000,480700,340000,16380700,1095380700
Products-Car-VF8,VF 8,ND32V,Plus,1079000000,Đà Nẵng,KV2,0,1000000,1560000,480700,340000,3380700,1082380700
Products-Car-VF8,VF 8,ND32V,Plus,1079000000,Hải Phòng,KV2,0,1000000,1560000,480700,340000,3380700,1082380700
Products-Car-VF8,VF 8,ND32V,Plus,1079000000,Cần Thơ,KV2,0,1000000,1560000,480700,340000,3380700,1082380700
Products-Car-VF8,VF 8,ND32V,Plus,1079000000,Bình Dương,KV2,0,1000000,1560000,480700,340000,3380700,1082380700
Products-Car-VF8,VF 8,ND32V,Plus,1079000000,Quảng Ninh,KV2,0,1000000,1560000,480700,340000,3380700,1082380700
Products-Car-VF8,VF 8,ND32V,Plus,1079000000,Đồng Nai,KV2,0,1000000,1560000,480700,340000,3380700,1082380700
Products-Car-VFWILD,VF Wild,HJ01V,Tiêu chuẩn,860000000,Hà Nội,KV1,0,14000000,0,0,0,14000000,874000000
Products-Car-VFWILD,VF Wild,HJ01V,Tiêu chuẩn,860000000,TP. Hồ Chí Minh,KV1,0,14000000,0,0,0,14000000,874000000
Products-Car-VFWILD,VF Wild,HJ01V,Tiêu chuẩn,860000000,Đà Nẵng,KV2,0,1000000,0,0,0,1000000,861000000
Products-Car-VFWILD,VF Wild,HJ01V,Tiêu chuẩn,860000000,Hải Phòng,KV2,0,1000000,0,0,0,1000000,861000000
Products-Car-VFWILD,VF Wild,HJ01V,Tiêu chuẩn,860000000,Cần Thơ,KV2,0,1000000,0,0,0,1000000,861000000
Products-Car-VFWILD,VF Wild,HJ01V,Tiêu chuẩn,860000000,Bình Dương,KV2,0,1000000,0,0,0,1000000,861000000
Products-Car-VFWILD,VF Wild,HJ01V,Tiêu chuẩn,860000000,Quảng Ninh,KV2,0,1000000,0,0,0,1000000,861000000
Products-Car-VFWILD,VF Wild,HJ01V,Tiêu chuẩn,860000000,Đồng Nai,KV2,0,1000000,0,0,0,1000000,861000000
Products-Car-VF7,VF 7,GC12V_CR151,Plus tuỳ chọn trần kính toàn cảnh,850000000,Hà Nội,KV1,0,14000000,1560000,480700,340000,16380700,866380700
Products-Car-VF7,VF 7,GC12V_CR151,Plus tuỳ chọn trần kính toàn cảnh,850000000,TP. Hồ Chí Minh,KV1,0,14000000,1560000,480700,340000,16380700,866380700
Products-Car-VF7,VF 7,GC12V_CR151,Plus tuỳ chọn trần kính toàn cảnh,850000000,Đà Nẵng,KV2,0,1000000,1560000,480700,340000,3380700,853380700
Products-Car-VF7,VF 7,GC12V_CR151,Plus tuỳ chọn trần kính toàn cảnh,850000000,Hải Phòng,KV2,0,1000000,1560000,480700,340000,3380700,853380700
Products-Car-VF7,VF 7,GC12V_CR151,Plus tuỳ chọn trần kính toàn cảnh,850000000,Cần Thơ,KV2,0,1000000,1560000,480700,340000,3380700,853380700
Products-Car-VF7,VF 7,GC12V_CR151,Plus tuỳ chọn trần kính toàn cảnh,850000000,Bình Dương,KV2,0,1000000,1560000,480700,340000,3380700,853380700
Products-Car-VF7,VF 7,GC12V_CR151,Plus tuỳ chọn trần kính toàn cảnh,850000000,Quảng Ninh,KV2,0,1000000,1560000,480700,340000,3380700,853380700
Products-Car-VF7,VF 7,GC12V_CR151,Plus tuỳ chọn trần kính toàn cảnh,850000000,Đồng Nai,KV2,0,1000000,1560000,480700,340000,3380700,853380700
Products-Car-ECVAN,EC Van,TG11V,Nâng cao - Không cửa trượt,286000000,Hà Nội,KV1,0,14000000,1560000,480700,340000,16380700,302380700
Products-Car-ECVAN,EC Van,TG11V,Nâng cao - Không cửa trượt,286000000,TP. Hồ Chí Minh,KV1,0,14000000,1560000,480700,340000,16380700,302380700
Products-Car-ECVAN,EC Van,TG11V,Nâng cao - Không cửa trượt,286000000,Đà Nẵng,KV2,0,1000000,1560000,480700,340000,3380700,289380700
Products-Car-ECVAN,EC Van,TG11V,Nâng cao - Không cửa trượt,286000000,Hải Phòng,KV2,0,1000000,1560000,480700,340000,3380700,289380700
Products-Car-ECVAN,EC Van,TG11V,Nâng cao - Không cửa trượt,286000000,Cần Thơ,KV2,0,1000000,1560000,480700,340000,3380700,289380700
Products-Car-ECVAN,EC Van,TG11V,Nâng cao - Không cửa trượt,286000000,Bình Dương,KV2,0,1000000,1560000,480700,340000,3380700,289380700
Products-Car-ECVAN,EC Van,TG11V,Nâng cao - Không cửa trượt,286000000,Quảng Ninh,KV2,0,1000000,1560000,480700,340000,3380700,289380700
Products-Car-ECVAN,EC Van,TG11V,Nâng cao - Không cửa trượt,286000000,Đồng Nai,KV2,0,1000000,1560000,480700,340000,3380700,289380700
Products-Car-ECVAN,EC Van,TG12V,Nâng cao - Có cửa trượt,306000000,Hà Nội,KV1,0,14000000,1560000,480700,340000,16380700,322380700
Products-Car-ECVAN,EC Van,TG12V,Nâng cao - Có cửa trượt,306000000,TP. Hồ Chí Minh,KV1,0,14000000,1560000,480700,340000,16380700,322380700
Products-Car-ECVAN,EC Van,TG12V,Nâng cao - Có cửa trượt,306000000,Đà Nẵng,KV2,0,1000000,1560000,480700,340000,3380700,309380700
Products-Car-ECVAN,EC Van,TG12V,Nâng cao - Có cửa trượt,306000000,Hải Phòng,KV2,0,1000000,1560000,480700,340000,3380700,309380700
Products-Car-ECVAN,EC Van,TG12V,Nâng cao - Có cửa trượt,306000000,Cần Thơ,KV2,0,1000000,1560000,480700,340000,3380700,309380700
Products-Car-ECVAN,EC Van,TG12V,Nâng cao - Có cửa trượt,306000000,Bình Dương,KV2,0,1000000,1560000,480700,340000,3380700,309380700
Products-Car-ECVAN,EC Van,TG12V,Nâng cao - Có cửa trượt,306000000,Quảng Ninh,KV2,0,1000000,1560000,480700,340000,3380700,309380700
Products-Car-ECVAN,EC Van,TG12V,Nâng cao - Có cửa trượt,306000000,Đồng Nai,KV2,0,1000000,1560000,480700,340000,3380700,309380700
Products-Car-ECVAN,EC Van,TG10V,Tiêu chuẩn,268000000,Hà Nội,KV1,0,14000000,1560000,480700,340000,16380700,284380700
Products-Car-ECVAN,EC Van,TG10V,Tiêu chuẩn,268000000,TP. Hồ Chí Minh,KV1,0,14000000,1560000,480700,340000,16380700,284380700
Products-Car-ECVAN,EC Van,TG10V,Tiêu chuẩn,268000000,Đà Nẵng,KV2,0,1000000,1560000,480700,340000,3380700,271380700
Products-Car-ECVAN,EC Van,TG10V,Tiêu chuẩn,268000000,Hải Phòng,KV2,0,1000000,1560000,480700,340000,3380700,271380700
Products-Car-ECVAN,EC Van,TG10V,Tiêu chuẩn,268000000,Cần Thơ,KV2,0,1000000,1560000,480700,340000,3380700,271380700
Products-Car-ECVAN,EC Van,TG10V,Tiêu chuẩn,268000000,Bình Dương,KV2,0,1000000,1560000,480700,340000,3380700,271380700
Products-Car-ECVAN,EC Van,TG10V,Tiêu chuẩn,268000000,Quảng Ninh,KV2,0,1000000,1560000,480700,340000,3380700,271380700
Products-Car-ECVAN,EC Van,TG10V,Tiêu chuẩn,268000000,Đồng Nai,KV2,0,1000000,1560000,480700,340000,3380700,271380700
Products-Car-VF7,VF 7,GC12V_CR151_T023,"Plus tuỳ chọn trần kính toàn cảnh, 2 động cơ",899000000,Hà Nội,KV1,0,14000000,1560000,480700,340000,16380700,915380700
Products-Car-VF7,VF 7,GC12V_CR151_T023,"Plus tuỳ chọn trần kính toàn cảnh, 2 động cơ",899000000,TP. Hồ Chí Minh,KV1,0,14000000,1560000,480700,340000,16380700,915380700
Products-Car-VF7,VF 7,GC12V_CR151_T023,"Plus tuỳ chọn trần kính toàn cảnh, 2 động cơ",899000000,Đà Nẵng,KV2,0,1000000,1560000,480700,340000,3380700,902380700
Products-Car-VF7,VF 7,GC12V_CR151_T023,"Plus tuỳ chọn trần kính toàn cảnh, 2 động cơ",899000000,Hải Phòng,KV2,0,1000000,1560000,480700,340000,3380700,902380700
Products-Car-VF7,VF 7,GC12V_CR151_T023,"Plus tuỳ chọn trần kính toàn cảnh, 2 động cơ",899000000,Cần Thơ,KV2,0,1000000,1560000,480700,340000,3380700,902380700
Products-Car-VF7,VF 7,GC12V_CR151_T023,"Plus tuỳ chọn trần kính toàn cảnh, 2 động cơ",899000000,Bình Dương,KV2,0,1000000,1560000,480700,340000,3380700,902380700
Products-Car-VF7,VF 7,GC12V_CR151_T023,"Plus tuỳ chọn trần kính toàn cảnh, 2 động cơ",899000000,Quảng Ninh,KV2,0,1000000,1560000,480700,340000,3380700,902380700
Products-Car-VF7,VF 7,GC12V_CR151_T023,"Plus tuỳ chọn trần kính toàn cảnh, 2 động cơ",899000000,Đồng Nai,KV2,0,1000000,1560000,480700,340000,3380700,902380700
Products-Car-VFMPV7,VF MPV 7,SL1WV,Tiêu chuẩn,750000000,Hà Nội,KV1,0,14000000,1560000,480700,340000,16380700,766380700
Products-Car-VFMPV7,VF MPV 7,SL1WV,Tiêu chuẩn,750000000,TP. Hồ Chí Minh,KV1,0,14000000,1560000,480700,340000,16380700,766380700
Products-Car-VFMPV7,VF MPV 7,SL1WV,Tiêu chuẩn,750000000,Đà Nẵng,KV2,0,1000000,1560000,480700,340000,3380700,753380700
Products-Car-VFMPV7,VF MPV 7,SL1WV,Tiêu chuẩn,750000000,Hải Phòng,KV2,0,1000000,1560000,480700,340000,3380700,753380700
Products-Car-VFMPV7,VF MPV 7,SL1WV,Tiêu chuẩn,750000000,Cần Thơ,KV2,0,1000000,1560000,480700,340000,3380700,753380700
Products-Car-VFMPV7,VF MPV 7,SL1WV,Tiêu chuẩn,750000000,Bình Dương,KV2,0,1000000,1560000,480700,340000,3380700,753380700
Products-Car-VFMPV7,VF MPV 7,SL1WV,Tiêu chuẩn,750000000,Quảng Ninh,KV2,0,1000000,1560000,480700,340000,3380700,753380700
Products-Car-VFMPV7,VF MPV 7,SL1WV,Tiêu chuẩn,750000000,Đồng Nai,KV2,0,1000000,1560000,480700,340000,3380700,753380700
Products-Car-LimoGreen,Limo Green,SL1VV,Tiêu chuẩn,699000000,Hà Nội,KV1,0,14000000,1560000,480700,340000,16380700,715380700
Products-Car-LimoGreen,Limo Green,SL1VV,Tiêu chuẩn,699000000,TP. Hồ Chí Minh,KV1,0,14000000,1560000,480700,340000,16380700,715380700
Products-Car-LimoGreen,Limo Green,SL1VV,Tiêu chuẩn,699000000,Đà Nẵng,KV2,0,1000000,1560000,480700,340000,3380700,702380700
Products-Car-LimoGreen,Limo Green,SL1VV,Tiêu chuẩn,699000000,Hải Phòng,KV2,0,1000000,1560000,480700,340000,3380700,702380700
Products-Car-LimoGreen,Limo Green,SL1VV,Tiêu chuẩn,699000000,Cần Thơ,KV2,0,1000000,1560000,480700,340000,3380700,702380700
Products-Car-LimoGreen,Limo Green,SL1VV,Tiêu chuẩn,699000000,Bình Dương,KV2,0,1000000,1560000,480700,340000,3380700,702380700
Products-Car-LimoGreen,Limo Green,SL1VV,Tiêu chuẩn,699000000,Quảng Ninh,KV2,0,1000000,1560000,480700,340000,3380700,702380700
Products-Car-LimoGreen,Limo Green,SL1VV,Tiêu chuẩn,699000000,Đồng Nai,KV2,0,1000000,1560000,480700,340000,3380700,702380700
Products-Car-VF2,VF 2,TH14V,Tiêu chuẩn,188000000,Hà Nội,KV1,0,14000000,1560000,480700,340000,16380700,204380700
Products-Car-VF2,VF 2,TH14V,Tiêu chuẩn,188000000,TP. Hồ Chí Minh,KV1,0,14000000,1560000,480700,340000,16380700,204380700
Products-Car-VF2,VF 2,TH14V,Tiêu chuẩn,188000000,Đà Nẵng,KV2,0,1000000,1560000,480700,340000,3380700,191380700
Products-Car-VF2,VF 2,TH14V,Tiêu chuẩn,188000000,Hải Phòng,KV2,0,1000000,1560000,480700,340000,3380700,191380700
Products-Car-VF2,VF 2,TH14V,Tiêu chuẩn,188000000,Cần Thơ,KV2,0,1000000,1560000,480700,340000,3380700,191380700
Products-Car-VF2,VF 2,TH14V,Tiêu chuẩn,188000000,Bình Dương,KV2,0,1000000,1560000,480700,340000,3380700,191380700
Products-Car-VF2,VF 2,TH14V,Tiêu chuẩn,188000000,Quảng Ninh,KV2,0,1000000,1560000,480700,340000,3380700,191380700
Products-Car-VF2,VF 2,TH14V,Tiêu chuẩn,188000000,Đồng Nai,KV2,0,1000000,1560000,480700,340000,3380700,191380700
Products-Car-VF7,VF 7,GC15V,Eco,740000000,Hà Nội,KV1,0,14000000,1560000,480700,340000,16380700,756380700
Products-Car-VF7,VF 7,GC15V,Eco,740000000,TP. Hồ Chí Minh,KV1,0,14000000,1560000,480700,340000,16380700,756380700
Products-Car-VF7,VF 7,GC15V,Eco,740000000,Đà Nẵng,KV2,0,1000000,1560000,480700,340000,3380700,743380700
Products-Car-VF7,VF 7,GC15V,Eco,740000000,Hải Phòng,KV2,0,1000000,1560000,480700,340000,3380700,743380700
Products-Car-VF7,VF 7,GC15V,Eco,740000000,Cần Thơ,KV2,0,1000000,1560000,480700,340000,3380700,743380700
Products-Car-VF7,VF 7,GC15V,Eco,740000000,Bình Dương,KV2,0,1000000,1560000,480700,340000,3380700,743380700
Products-Car-VF7,VF 7,GC15V,Eco,740000000,Quảng Ninh,KV2,0,1000000,1560000,480700,340000,3380700,743380700
Products-Car-VF7,VF 7,GC15V,Eco,740000000,Đồng Nai,KV2,0,1000000,1560000,480700,340000,3380700,743380700
Products-Car-MinioGreen,Minio Green,TH12V,Tiêu chuẩn,188000000,Hà Nội,KV1,0,14000000,1560000,480700,340000,16380700,204380700
Products-Car-MinioGreen,Minio Green,TH12V,Tiêu chuẩn,188000000,TP. Hồ Chí Minh,KV1,0,14000000,1560000,480700,340000,16380700,204380700
Products-Car-MinioGreen,Minio Green,TH12V,Tiêu chuẩn,188000000,Đà Nẵng,KV2,0,1000000,1560000,480700,340000,3380700,191380700
Products-Car-MinioGreen,Minio Green,TH12V,Tiêu chuẩn,188000000,Hải Phòng,KV2,0,1000000,1560000,480700,340000,3380700,191380700
Products-Car-MinioGreen,Minio Green,TH12V,Tiêu chuẩn,188000000,Cần Thơ,KV2,0,1000000,1560000,480700,340000,3380700,191380700
Products-Car-MinioGreen,Minio Green,TH12V,Tiêu chuẩn,188000000,Bình Dương,KV2,0,1000000,1560000,480700,340000,3380700,191380700
Products-Car-MinioGreen,Minio Green,TH12V,Tiêu chuẩn,188000000,Quảng Ninh,KV2,0,1000000,1560000,480700,340000,3380700,191380700
Products-Car-MinioGreen,Minio Green,TH12V,Tiêu chuẩn,188000000,Đồng Nai,KV2,0,1000000,1560000,480700,340000,3380700,191380700
