model_id,model_name,edition_id,edition_name,base_price_vnd,price_vnd,price_with_battery_vnd,battery_price_vnd,road_maintenance_fee_1yr,civil_insurance_fee_1yr,inspection_fee,fee_other,default_color,deposit_page_url
Products-Car-VF9,VF 9,NE3LV,Eco,1348000000,1348000000,1348000000,0,1560000,480700,340000,0,CE18,https://shop.vinfastauto.com/vn_vi/dat-coc-xe-vf9.html
Products-Car-VF8-THE-ALL-NEW,VF 8 The All New,HC11V,Comfort,899000000,899000000,899000000,0,1560000,480700,340000,0,CE18,https://shop.vinfastauto.com/vn_vi/vinfast-vf8-the-all-new.html
Products-Car-VF9,VF 9,NE3NV,Plus tùy chọn ghế cơ trưởng,1561000000,1561000000,1561000000,0,1560000,480700,340000,0,CE18,https://shop.vinfastauto.com/vn_vi/dat-coc-xe-vf9.html
Products-Car-VF6,VF 6,JB12V,Plus,699000000,699000000,699000000,0,1560000,480700,340000,0,CE18,https://shop.vinfastauto.com/vn_vi/dat-coc-xe-dien-vf6.html
Products-Car-VF8,VF 8,ND31V,Eco,898000000,898000000,898000000,0,1560000,480700,340000,0,CE18,https://shop.vinfastauto.com/vn_vi/dat-coc-xe-vf8.html
Products-Car-ECVAN,EC Van,TG10V_PAK2,TG10V_PAK2,305000000,305000000,305000000,0,1560000,480700,340000,0,CE18,https://shop.vinfastauto.com/vn_vi/vinfast-ecvan.html
Products-Car-VF3,VF 3,TI1BV,Plus,296000000,296000000,296000000,0,1560000,480700,340000,0,CE2Q,https://shop.vinfastauto.com/vn_vi/dat-coc-xe-dien-vf3.html
Products-Car-VF5,VF 5,GA12V,Plus,496000000,496000000,496000000,0,1560000,480700,340000,0,CE18,https://shop.vinfastauto.com/vn_vi/dat-coc-xe-dien-vf5.html
Products-Car-HerioGreen,Herio Green,GA1XV,Tiêu chuẩn - 2,450000000,450000000,450000000,0,1560000,480700,340000,0,CE2Q,https://shop.vinfastauto.com/vn_vi/herio-green.html
Products-Car-VF7,VF 7,GC12V,Plus,830000000,830000000,830000000,0,1560000,480700,340000,0,CE2Q,https://shop.vinfastauto.com/vn_vi/dat-coc-xe-dien-vf7.html
Products-Car-VF6,VF 6,JB10V,Eco,646000000,646000000,646000000,0,1560000,480700,340000,0,CE18,https://shop.vinfastauto.com/vn_vi/dat-coc-xe-dien-vf6.html
Products-Car-VF9,VF 9,NE3MV,Plus tùy chọn 7 chỗ,1529000000,1529000000,1529000000,0,1560000,480700,340000,0,CE18,https://shop.vinfastauto.com/vn_vi/dat-coc-xe-vf9.html
Products-Car-VF3,VF 3,TI1CV,Eco,285000000,285000000,285000000,0,1560000,480700,340000,0,CE2Q,https://shop.vinfastauto.com/vn_vi/dat-coc-xe-dien-vf3.html
Products-Car-HerioGreen,Herio Green,GA1QV,Tiêu chuẩn - 1,469000000,469000000,469000000,0,1560000,480700,340000,0,CE2Q,https://shop.vinfastauto.com/vn_vi/herio-green.html
Products-Car-VF7,VF 7,GC12V_T023,Plus 2 động cơ,879000000,879000000,879000000,0,1560000,480700,340000,0,CE2Q,https://shop.vinfastauto.com/vn_vi/dat-coc-xe-dien-vf7.html
Products-Car-VF8,VF 8,ND32V,Plus,1079000000,1079000000,1079000000,0,1560000,480700,340000,0,CE18,https://shop.vinfastauto.com/vn_vi/dat-coc-xe-vf8.html
Products-Car-VFWILD,VF Wild,HJ01V,Tiêu chuẩn,860000000,860000000,860000000,0,0,0,0,0,CE11,https://shop.vinfastauto.com/vn_vi/vinfast-vf-wild.html
Products-Car-VF7,VF 7,GC12V_CR151,Plus tuỳ chọn trần kính toàn cảnh,850000000,850000000,850000000,0,1560000,480700,340000,0,CE2Q,https://shop.vinfastauto.com/vn_vi/dat-coc-xe-dien-vf7.html
Products-Car-ECVAN,EC Van,TG11V,Nâng cao - Không cửa trượt,286000000,286000000,286000000,0,1560000,480700,340000,0,CE18,https://shop.vinfastauto.com/vn_vi/vinfast-ecvan.html
Products-Car-ECVAN,EC Van,TG12V,Nâng cao - Có cửa trượt,306000000,306000000,306000000,0,1560000,480700,340000,0,CE18,https://shop.vinfastauto.com/vn_vi/vinfast-ecvan.html
Products-Car-ECVAN,EC Van,TG10V,Tiêu chuẩn,268000000,268000000,268000000,0,1560000,480700,340000,0,CE18,https://shop.vinfastauto.com/vn_vi/vinfast-ecvan.html
Products-Car-VF7,VF 7,GC12V_CR151_T023,"Plus tuỳ chọn trần kính toàn cảnh, 2 động cơ",899000000,899000000,899000000,0,1560000,480700,340000,0,CE2Q,https://shop.vinfastauto.com/vn_vi/dat-coc-xe-dien-vf7.html
Products-Car-VFMPV7,VF MPV 7,SL1WV,Tiêu chuẩn,750000000,750000000,750000000,0,1560000,480700,340000,0,CE2Q,https://shop.vinfastauto.com/vn_vi/dat-coc-xe-vf-mpv7.html
Products-Car-LimoGreen,Limo Green,SL1VV,Tiêu chuẩn,699000000,699000000,699000000,0,1560000,480700,340000,0,CE2Q,https://shop.vinfastauto.com/vn_vi/limo-green.html
Products-Car-VF2,VF 2,TH14V,Tiêu chuẩn,188000000,188000000,188000000,0,1560000,480700,340000,0,CE18,https://shop.vinfastauto.com/vn_vi/vinfast-vf2.html
Products-Car-VF7,VF 7,GC15V,Eco,740000000,740000000,740000000,0,1560000,480700,340000,0,CE2Q,https://shop.vinfastauto.com/vn_vi/dat-coc-xe-dien-vf7.html
Products-Car-MinioGreen,Minio Green,TH12V,Tiêu chuẩn,188000000,188000000,188000000,0,1560000,480700,340000,0,CE2Q,https://shop.vinfastauto.com/vn_vi/minio-green.html
