title,url,category
"Lãi suất vay mua ô tô các ngân hàng 09/2026",https://techcombank.com/thong-tin/blog/lai-suat-vay-mua-o-to,tai_chinh_tra_gop
"Lời khuyên lựa chọn ngân hàng khi vay mua xe trả góp",https://techcombank.com/thong-tin/blog/vay-mua-xe-tra-gop-ngan-hang-nao-tot-nhat,tai_chinh_tra_gop
"Nên vay ngân hàng mua xe trả góp hay thanh toán một lần",https://techcombank.com/thong-tin/blog/nen-mua-xe-tra-gop-hay-tra-thang,tai_chinh_tra_gop
"Điều kiện, hồ sơ, thủ tục mua xe máy và ô tô trả góp 2026",https://techcombank.com/thong-tin/blog/thu-tuc-mua-xe-tra-gop,tai_chinh_tra_gop
"BẢO HIỂM XE Ô TÔ BẢO VIỆT",https://baoviet.com/bao-hiem-xe-bao-viet.htm,thu_tuc_phap_ly
"BẢO HIỂM TRÁCH NHIỆM DÂN SỰ XE Ô TÔ",https://baoviet.com/bao-hiem-trach-nhiem-dan-su-xe-o-to-bao-viet.htm,thu_tuc_phap_ly
"BẢO HIỂM TRÁCH NHIÊM DÂN SỰ XE MÁY BẢO VIỆT",https://baoviet.com/bao-hiem-xe-may-bao-viet.htm,thu_tuc_phap_ly
"[ĐÁNH GIÁ XE] VinFast VF 8 thế hệ mới: Nhẹ hơn, êm hơn và thực dụng hơn sau vô-lăng",https://xehay.vn/danh-gia-xe-vinfast-vf-8-the-he-moi-nhe-hon-em-hon-va-thuc-dung-hon-sau-vo-lang.html,trai_nghiem_danh_gia
"Những thay đổi mang tính thực tế và kinh tế trên VinFast VF 8 thế hệ mới",https://xehay.vn/nhung-thay-doi-mang-tinh-thuc-te-va-kinh-te-tren-vinfast-vf-8-the-he-moi.html,trai_nghiem_danh_gia
"VinFast VF 8 thế hệ mới lộ nội thất nâu - đen, thêm nhiều nâng cấp đáng chú ý",https://xehay.vn/vinfast-vf-8-the-he-moi-lo-noi-that-nau-den-them-nhieu-nang-cap-dang-chu-y.html,trai_nghiem_danh_gia
"Những cải tiến kỹ thuật ấn tượng của VinFast VF 8 thế hệ mới",https://xehay.vn/nhung-cai-tien-ky-thuat-an-tuong-cua-vinfast-vf-8-the-he-moi.html,trai_nghiem_danh_gia
"Người Sài Gòn lái thử VinFast VF 8: “Đáng mua nhất trong tầm giá 1 tỷ đồng”",https://xehay.vn/nguoi-sai-gon-lai-thu-vinfast-vf-8-dang-mua-nhat-trong-tam-gia-1-ty-dong.html,trai_nghiem_danh_gia
"Người trẻ hào hứng sau tay lái VinFast VF 7 và VF 8: “Trải nghiệm thú vị, mang lại sự an tâm”",https://xehay.vn/nguoi-tre-hao-hung-sau-tay-lai-vinfast-vf-7-va-vf-8-trai-nghiem-thu-vi-mang-lai-su-an-tam.html,trai_nghiem_danh_gia
"[ĐÁNH GIÁ XE] Người dùng đánh giá VinFast VF 9: Đẹp, cao cấp, lái hay và rất phù hợp cho gia đình",https://xehay.vn/danh-gia-xe-nguoi-dung-danh-gia-vinfast-vf-9-dep-cao-cap-lai-hay-va-rat-phu-hop-cho-gia-dinh.html,trai_nghiem_danh_gia
"Chủ xe VinFast VF 9: “Người lái thấy sướng, người ngồi sau ngủ ngon”",https://xehay.vn/chu-xe-vinfast-vf-9-nguoi-lai-thay-suong-nguoi-ngoi-sau-ngu-ngon.html,trai_nghiem_danh_gia
"Người dùng VinFast VF 9 thừa nhận bị “chiều hư” vì ghế ngồi quá thoải mái, không gian rộng rãi",https://xehay.vn/nguoi-dung-vinfast-vf-9-thua-nhan-bi-chieu-hu-vi-ghe-ngoi-qua-thoai-mai-khong-gian-rong-rai-tien-nghi-thuong-gia.html,trai_nghiem_danh_gia
"VinFast VF 9 nâng tầm trải nghiệm thượng lưu trên mọi hành trình",https://xehay.vn/vinfast-vf-9-nang-tam-trai-nghiem-thuong-luu-tren-moi-hanh-trinh.html,trai_nghiem_danh_gia
"Chinh phục Tà Xùa, chủ xe ví trải nghiệm VinFast VF 7 như xe vài tỷ",https://xehay.vn/chinh-phuc-ta-xua-chu-xe-vi-trai-nghiem-vinfast-vf-7-nhu-xe-vai-ty.html,trai_nghiem_danh_gia
"Chủ xe Gen Z chọn VinFast VF 7: Cảm giác lái và dịch vụ hậu mãi là yếu tố tiên quyết",https://xehay.vn/chu-xe-gen-z-chon-vinfast-vf-7-cam-giac-lai-va-dich-vu-hau-mai-la-yeu-to-tien-quyet.html,trai_nghiem_danh_gia
"Đi xa càng “sướng”: VinFast VF 7 giúp cả nhà nhẹ đầu trên hành trình dài",https://xehay.vn/di-xa-cang-suong-vinfast-vf-7-giup-ca-nha-nhe-dau-tren-hanh-trinh-dai.html,trai_nghiem_danh_gia
"Cận cảnh VinFast VF 7 phiên bản thương mại ngoài đời thực",https://xehay.vn/can-canh-vinfast-vf-7-phien-ban-ban-thuong-mai-ngoai-doi-thuc.html,trai_nghiem_danh_gia
"VinFast VF 7 ghi điểm với gia đình Việt: Không gian rộng thoáng, tiết kiệm chi phí",https://xehay.vn/vinfast-vf-7-ghi-diem-voi-gia-dinh-viet-khong-gian-rong-thoang-tiet-kiem-chi-phi-tu-tien-sac-toi-bao-duong.html,trai_nghiem_danh_gia
"VinFast bàn giao những chiếc VF 7 Hỏa Long Độc Bản đầu tiên cho khách hàng Việt",https://xehay.vn/vinfast-vf-7-hoa-long-doc-ban-dau-tien-duoc-ban-giao-cho-khach-hang-viet.html,trai_nghiem_danh_gia
"[ĐÁNH GIÁ NHANH] VinFast VF 6: Sắc bén, tiện nghi, giá tốt",https://xehay.vn/danh-gia-nhanh-vinfast-vf-6-sac-ben-tien-nghi-gia-tot.html,trai_nghiem_danh_gia
"Khách hàng lái thử VF 6 trên toàn quốc: Chốt vì lái hay, an toàn, chi phí quá tiết kiệm",https://xehay.vn/khach-hang-lai-thu-vf-6-tren-toan-quoc-chot-vi-lai-hay-an-toan-chi-phi-qua-tiet-kiem.html,trai_nghiem_danh_gia
"VinFast VF 6 - mẫu SUV điện hạng B của hãng xe Việt lộ diện",https://xehay.vn/vinfast-vf-6-mau-suv-dien-hang-b-cua-hang-xe-viet-lo-dien.html,trai_nghiem_danh_gia
"Chi tiết VinFast VF 3 Plus tại đại lý: Thêm camera lùi, gương chỉnh điện",https://xehay.vn/chi-tiet-vinfast-vf-3-plus-tai-dai-ly-them-camera-lui-guong-chinh-dien-gia-315-trieu-dong.html,trai_nghiem_danh_gia
"VinFast VF 5 Plus bản thương mại lộ diện, chuẩn bị bàn giao tới khách hàng",https://xehay.vn/vinfast-vf-5-plus-ban-thuong-mai-lo-dien-chuan-bi-ban-giao-toi-khach-hang.html,trai_nghiem_danh_gia
"VinFast VF 5 chứng minh vị thế SUV “đáng tiền nhất” cho người mua xe lần đầu",https://xehay.vn/vinfast-vf-5-chung-minh-vi-the-suv-dang-tien-nhat-cho-nguoi-mua-xe-lan-dau.html,trai_nghiem_danh_gia
