car_id,car_name,default_product_id,vehicle_type,manufacturer,snapshot_datetime
Products-Car-VF2,VF 2,VF-ZVEH-EI23_2025-TH14V-CE17-CI1M,Electric Car,VinFast,2026-09-30 08:07:24 UTC
Products-Car-VF3,VF 3,VF-ZVEH-EI13_1024-TI1CV-CE2Q-CI11,Electric Car,VinFast,2026-09-30 08:07:24 UTC
Products-Car-VF5,VF 5,VF-ZVEH-EA15_2023-GA12V-181Y-CI11,Electric Car,VinFast,2026-09-30 08:07:24 UTC
Products-Car-VF6,VF 6,VF-ZVEH-EB15_2023-JB10V-CE18-CI11,Electric Car,VinFast,2026-09-30 08:07:24 UTC
Products-Car-VF7,VF 7,VF-ZVEH-EC15_2023-GC15V-CE11-CI13,Electric Car,VinFast,2026-09-30 08:07:24 UTC
Products-Car-VF8,VF 8,VF-ZVEH-PD1U_2023-ND31V-CE18-CI11,Electric Car,VinFast,2026-09-30 08:07:24 UTC
Products-Car-VF9,VF 9,VF-ZVEH-PE1U_2023-NE3LV-CE18-CI11,Electric Car,VinFast,2026-09-30 08:07:24 UTC
Products-Car-ECVAN,EC Van,VF-ZVEH-EM1V_2025-TG10V-CE1W-CI11,Electric Car,VinFast,2026-09-30 08:07:24 UTC
Products-Car-HerioGreen,Herio Green,VF-ZVEH-EA15_2023-GA1XV-CE11-CI11,Electric Car,VinFast,2026-09-30 08:07:24 UTC
Products-Car-LimoGreen,Limo Green,VF-ZVEH-EC1V_2025-SL1VV-CE17-CI1H,Electric Car,VinFast,2026-09-30 08:07:24 UTC
Products-Car-MinioGreen,Minio Green,VF-ZVEH-EI23_2025-TH12V-CE2I-CI1M,Electric Car,VinFast,2026-09-30 08:07:24 UTC
Products-Car-VF8-THE-ALL-NEW,VF 8 The All New,VF-ZVEH-EC25_2025-HC11V-CE33-CI12,Electric Car,VinFast,2026-09-30 08:07:24 UTC
Products-Car-VFMPV7,VF MPV 7,VF-ZVEH-EC1V_2025-SL1WV-CE1V-CI11,Electric Car,VinFast,2026-09-30 08:07:24 UTC
Products-Car-VFWILD,VF Wild,VF-ZVEH-MP1C_2026-HJ01V-CE2Q-CI11,Electric Car,VinFast,2026-09-30 08:07:24 UTC
