car_id,car_name,trim_name,battery_option,province_name,list_price_vnd,registration_fee_vnd,license_plate_fee_vnd,inspection_fee_vnd,road_fee_vnd,mandatory_insurance_vnd,total_rolling_cost_vnd,snapshot_datetime
Products-Car-VF9,VF 9,VF9 Eco CATL,Thuê Pin,Hà Nội,1348000000,0,20000000,340000,1560000,480700,1370380700,2026-09-30 08:07:24 UTC
Products-Car-VF9,VF 9,VF9 Eco CATL,Thuê Pin,TP. Hồ Chí Minh,1348000000,0,20000000,340000,1560000,480700,1370380700,2026-09-30 08:07:24 UTC
Products-Car-VF9,VF 9,VF9 Eco CATL,Thuê Pin,Đà Nẵng,1348000000,0,1000000,340000,1560000,480700,1351380700,2026-09-30 08:07:24 UTC
Products-Car-VF9,VF 9,VF9 Eco CATL,Thuê Pin,Hải Phòng,1348000000,0,1000000,340000,1560000,480700,1351380700,2026-09-30 08:07:24 UTC
Products-Car-VF9,VF 9,VF9 Eco CATL,Thuê Pin,Cần Thơ,1348000000,0,1000000,340000,1560000,480700,1351380700,2026-09-30 08:07:24 UTC
Products-Car-VF9,VF 9,VF9 Eco CATL,Thuê Pin,"Các tỉnh thành khác (Khu vực II, III)",1348000000,0,1000000,340000,1560000,480700,1351380700,2026-09-30 08:07:24 UTC
Products-Car-VF8-THE-ALL-NEW,VF 8 The All New,VF 8 COMFORT,Thuê Pin,Hà Nội,899000000,0,20000000,340000,1560000,480700,921380700,2026-09-30 08:07:24 UTC
Products-Car-VF8-THE-ALL-NEW,VF 8 The All New,VF 8 COMFORT,Thuê Pin,TP. Hồ Chí Minh,899000000,0,20000000,340000,1560000,480700,921380700,2026-09-30 08:07:24 UTC
Products-Car-VF8-THE-ALL-NEW,VF 8 The All New,VF 8 COMFORT,Thuê Pin,Đà Nẵng,899000000,0,1000000,340000,1560000,480700,902380700,2026-09-30 08:07:24 UTC
Products-Car-VF8-THE-ALL-NEW,VF 8 The All New,VF 8 COMFORT,Thuê Pin,Hải Phòng,899000000,0,1000000,340000,1560000,480700,902380700,2026-09-30 08:07:24 UTC
Products-Car-VF8-THE-ALL-NEW,VF 8 The All New,VF 8 COMFORT,Thuê Pin,Cần Thơ,899000000,0,1000000,340000,1560000,480700,902380700,2026-09-30 08:07:24 UTC
Products-Car-VF8-THE-ALL-NEW,VF 8 The All New,VF 8 COMFORT,Thuê Pin,"Các tỉnh thành khác (Khu vực II, III)",899000000,0,1000000,340000,1560000,480700,902380700,2026-09-30 08:07:24 UTC
Products-Car-VF9,VF 9,VF9 Plus Ghế cơ trưởng CATL,Thuê Pin,Hà Nội,1561000000,0,20000000,340000,1560000,480700,1583380700,2026-09-30 08:07:24 UTC
Products-Car-VF9,VF 9,VF9 Plus Ghế cơ trưởng CATL,Thuê Pin,TP. Hồ Chí Minh,1561000000,0,20000000,340000,1560000,480700,1583380700,2026-09-30 08:07:24 UTC
Products-Car-VF9,VF 9,VF9 Plus Ghế cơ trưởng CATL,Thuê Pin,Đà Nẵng,1561000000,0,1000000,340000,1560000,480700,1564380700,2026-09-30 08:07:24 UTC
Products-Car-VF9,VF 9,VF9 Plus Ghế cơ trưởng CATL,Thuê Pin,Hải Phòng,1561000000,0,1000000,340000,1560000,480700,1564380700,2026-09-30 08:07:24 UTC
Products-Car-VF9,VF 9,VF9 Plus Ghế cơ trưởng CATL,Thuê Pin,Cần Thơ,1561000000,0,1000000,340000,1560000,480700,1564380700,2026-09-30 08:07:24 UTC
Products-Car-VF9,VF 9,VF9 Plus Ghế cơ trưởng CATL,Thuê Pin,"Các tỉnh thành khác (Khu vực II, III)",1561000000,0,1000000,340000,1560000,480700,1564380700,2026-09-30 08:07:24 UTC
Products-Car-VF6,VF 6,VF6 Plus,Thuê Pin,Hà Nội,699000000,0,20000000,340000,1560000,480700,721380700,2026-09-30 08:07:24 UTC
Products-Car-VF6,VF 6,VF6 Plus,Thuê Pin,TP. Hồ Chí Minh,699000000,0,20000000,340000,1560000,480700,721380700,2026-09-30 08:07:24 UTC
Products-Car-VF6,VF 6,VF6 Plus,Thuê Pin,Đà Nẵng,699000000,0,1000000,340000,1560000,480700,702380700,2026-09-30 08:07:24 UTC
Products-Car-VF6,VF 6,VF6 Plus,Thuê Pin,Hải Phòng,699000000,0,1000000,340000,1560000,480700,702380700,2026-09-30 08:07:24 UTC
Products-Car-VF6,VF 6,VF6 Plus,Thuê Pin,Cần Thơ,699000000,0,1000000,340000,1560000,480700,702380700,2026-09-30 08:07:24 UTC
Products-Car-VF6,VF 6,VF6 Plus,Thuê Pin,"Các tỉnh thành khác (Khu vực II, III)",699000000,0,1000000,340000,1560000,480700,702380700,2026-09-30 08:07:24 UTC
Products-Car-VF8,VF 8,VF8 Eco,Thuê Pin,Hà Nội,898000000,0,20000000,340000,1560000,480700,920380700,2026-09-30 08:07:24 UTC
Products-Car-VF8,VF 8,VF8 Eco,Thuê Pin,TP. Hồ Chí Minh,898000000,0,20000000,340000,1560000,480700,920380700,2026-09-30 08:07:24 UTC
Products-Car-VF8,VF 8,VF8 Eco,Thuê Pin,Đà Nẵng,898000000,0,1000000,340000,1560000,480700,901380700,2026-09-30 08:07:24 UTC
Products-Car-VF8,VF 8,VF8 Eco,Thuê Pin,Hải Phòng,898000000,0,1000000,340000,1560000,480700,901380700,2026-09-30 08:07:24 UTC
Products-Car-VF8,VF 8,VF8 Eco,Thuê Pin,Cần Thơ,898000000,0,1000000,340000,1560000,480700,901380700,2026-09-30 08:07:24 UTC
Products-Car-VF8,VF 8,VF8 Eco,Thuê Pin,"Các tỉnh thành khác (Khu vực II, III)",898000000,0,1000000,340000,1560000,480700,901380700,2026-09-30 08:07:24 UTC
Products-Car-ECVAN,EC Van,EC Van PAK2 Bản nâng cao,Thuê Pin,Hà Nội,305000000,0,20000000,340000,1560000,480700,327380700,2026-09-30 08:07:24 UTC
Products-Car-ECVAN,EC Van,EC Van PAK2 Bản nâng cao,Thuê Pin,TP. Hồ Chí Minh,305000000,0,20000000,340000,1560000,480700,327380700,2026-09-30 08:07:24 UTC
Products-Car-ECVAN,EC Van,EC Van PAK2 Bản nâng cao,Thuê Pin,Đà Nẵng,305000000,0,1000000,340000,1560000,480700,308380700,2026-09-30 08:07:24 UTC
Products-Car-ECVAN,EC Van,EC Van PAK2 Bản nâng cao,Thuê Pin,Hải Phòng,305000000,0,1000000,340000,1560000,480700,308380700,2026-09-30 08:07:24 UTC
Products-Car-ECVAN,EC Van,EC Van PAK2 Bản nâng cao,Thuê Pin,Cần Thơ,305000000,0,1000000,340000,1560000,480700,308380700,2026-09-30 08:07:24 UTC
Products-Car-ECVAN,EC Van,EC Van PAK2 Bản nâng cao,Thuê Pin,"Các tỉnh thành khác (Khu vực II, III)",305000000,0,1000000,340000,1560000,480700,308380700,2026-09-30 08:07:24 UTC
Products-Car-VF3,VF 3,VF 3 Plus,Thuê Pin,Hà Nội,296000000,0,20000000,340000,1560000,480700,318380700,2026-09-30 08:07:24 UTC
Products-Car-VF3,VF 3,VF 3 Plus,Thuê Pin,TP. Hồ Chí Minh,296000000,0,20000000,340000,1560000,480700,318380700,2026-09-30 08:07:24 UTC
Products-Car-VF3,VF 3,VF 3 Plus,Thuê Pin,Đà Nẵng,296000000,0,1000000,340000,1560000,480700,299380700,2026-09-30 08:07:24 UTC
Products-Car-VF3,VF 3,VF 3 Plus,Thuê Pin,Hải Phòng,296000000,0,1000000,340000,1560000,480700,299380700,2026-09-30 08:07:24 UTC
Products-Car-VF3,VF 3,VF 3 Plus,Thuê Pin,Cần Thơ,296000000,0,1000000,340000,1560000,480700,299380700,2026-09-30 08:07:24 UTC
Products-Car-VF3,VF 3,VF 3 Plus,Thuê Pin,"Các tỉnh thành khác (Khu vực II, III)",296000000,0,1000000,340000,1560000,480700,299380700,2026-09-30 08:07:24 UTC
Products-Car-VF5,VF 5,VF 5 Plus,Thuê Pin,Hà Nội,496000000,0,20000000,340000,1560000,480700,518380700,2026-09-30 08:07:24 UTC
Products-Car-VF5,VF 5,VF 5 Plus,Thuê Pin,TP. Hồ Chí Minh,496000000,0,20000000,340000,1560000,480700,518380700,2026-09-30 08:07:24 UTC
Products-Car-VF5,VF 5,VF 5 Plus,Thuê Pin,Đà Nẵng,496000000,0,1000000,340000,1560000,480700,499380700,2026-09-30 08:07:24 UTC
Products-Car-VF5,VF 5,VF 5 Plus,Thuê Pin,Hải Phòng,496000000,0,1000000,340000,1560000,480700,499380700,2026-09-30 08:07:24 UTC
Products-Car-VF5,VF 5,VF 5 Plus,Thuê Pin,Cần Thơ,496000000,0,1000000,340000,1560000,480700,499380700,2026-09-30 08:07:24 UTC
Products-Car-VF5,VF 5,VF 5 Plus,Thuê Pin,"Các tỉnh thành khác (Khu vực II, III)",496000000,0,1000000,340000,1560000,480700,499380700,2026-09-30 08:07:24 UTC
Products-Car-HerioGreen,Herio Green,Herio Green - Tiêu chuẩn 2,Thuê Pin,Hà Nội,450000000,0,20000000,340000,1560000,480700,472380700,2026-09-30 08:07:24 UTC
Products-Car-HerioGreen,Herio Green,Herio Green - Tiêu chuẩn 2,Thuê Pin,TP. Hồ Chí Minh,450000000,0,20000000,340000,1560000,480700,472380700,2026-09-30 08:07:24 UTC
Products-Car-HerioGreen,Herio Green,Herio Green - Tiêu chuẩn 2,Thuê Pin,Đà Nẵng,450000000,0,1000000,340000,1560000,480700,453380700,2026-09-30 08:07:24 UTC
Products-Car-HerioGreen,Herio Green,Herio Green - Tiêu chuẩn 2,Thuê Pin,Hải Phòng,450000000,0,1000000,340000,1560000,480700,453380700,2026-09-30 08:07:24 UTC
Products-Car-HerioGreen,Herio Green,Herio Green - Tiêu chuẩn 2,Thuê Pin,Cần Thơ,450000000,0,1000000,340000,1560000,480700,453380700,2026-09-30 08:07:24 UTC
Products-Car-HerioGreen,Herio Green,Herio Green - Tiêu chuẩn 2,Thuê Pin,"Các tỉnh thành khác (Khu vực II, III)",450000000,0,1000000,340000,1560000,480700,453380700,2026-09-30 08:07:24 UTC
Products-Car-VF7,VF 7,VF 7 Plus,Thuê Pin,Hà Nội,830000000,0,20000000,340000,1560000,480700,852380700,2026-09-30 08:07:24 UTC
Products-Car-VF7,VF 7,VF 7 Plus,Thuê Pin,TP. Hồ Chí Minh,830000000,0,20000000,340000,1560000,480700,852380700,2026-09-30 08:07:24 UTC
Products-Car-VF7,VF 7,VF 7 Plus,Thuê Pin,Đà Nẵng,830000000,0,1000000,340000,1560000,480700,833380700,2026-09-30 08:07:24 UTC
Products-Car-VF7,VF 7,VF 7 Plus,Thuê Pin,Hải Phòng,830000000,0,1000000,340000,1560000,480700,833380700,2026-09-30 08:07:24 UTC
Products-Car-VF7,VF 7,VF 7 Plus,Thuê Pin,Cần Thơ,830000000,0,1000000,340000,1560000,480700,833380700,2026-09-30 08:07:24 UTC
Products-Car-VF7,VF 7,VF 7 Plus,Thuê Pin,"Các tỉnh thành khác (Khu vực II, III)",830000000,0,1000000,340000,1560000,480700,833380700,2026-09-30 08:07:24 UTC
Products-Car-VF6,VF 6,VF 6 Eco,Thuê Pin,Hà Nội,646000000,0,20000000,340000,1560000,480700,668380700,2026-09-30 08:07:24 UTC
Products-Car-VF6,VF 6,VF 6 Eco,Thuê Pin,TP. Hồ Chí Minh,646000000,0,20000000,340000,1560000,480700,668380700,2026-09-30 08:07:24 UTC
Products-Car-VF6,VF 6,VF 6 Eco,Thuê Pin,Đà Nẵng,646000000,0,1000000,340000,1560000,480700,649380700,2026-09-30 08:07:24 UTC
Products-Car-VF6,VF 6,VF 6 Eco,Thuê Pin,Hải Phòng,646000000,0,1000000,340000,1560000,480700,649380700,2026-09-30 08:07:24 UTC
Products-Car-VF6,VF 6,VF 6 Eco,Thuê Pin,Cần Thơ,646000000,0,1000000,340000,1560000,480700,649380700,2026-09-30 08:07:24 UTC
Products-Car-VF6,VF 6,VF 6 Eco,Thuê Pin,"Các tỉnh thành khác (Khu vực II, III)",646000000,0,1000000,340000,1560000,480700,649380700,2026-09-30 08:07:24 UTC
Products-Car-VF9,VF 9,VF9 Plus 7 chỗ CATL,Thuê Pin,Hà Nội,1529000000,0,20000000,340000,1560000,480700,1551380700,2026-09-30 08:07:24 UTC
Products-Car-VF9,VF 9,VF9 Plus 7 chỗ CATL,Thuê Pin,TP. Hồ Chí Minh,1529000000,0,20000000,340000,1560000,480700,1551380700,2026-09-30 08:07:24 UTC
Products-Car-VF9,VF 9,VF9 Plus 7 chỗ CATL,Thuê Pin,Đà Nẵng,1529000000,0,1000000,340000,1560000,480700,1532380700,2026-09-30 08:07:24 UTC
Products-Car-VF9,VF 9,VF9 Plus 7 chỗ CATL,Thuê Pin,Hải Phòng,1529000000,0,1000000,340000,1560000,480700,1532380700,2026-09-30 08:07:24 UTC
Products-Car-VF9,VF 9,VF9 Plus 7 chỗ CATL,Thuê Pin,Cần Thơ,1529000000,0,1000000,340000,1560000,480700,1532380700,2026-09-30 08:07:24 UTC
Products-Car-VF9,VF 9,VF9 Plus 7 chỗ CATL,Thuê Pin,"Các tỉnh thành khác (Khu vực II, III)",1529000000,0,1000000,340000,1560000,480700,1532380700,2026-09-30 08:07:24 UTC
Products-Car-VF3,VF 3,VF 3 Eco,Thuê Pin,Hà Nội,285000000,0,20000000,340000,1560000,480700,307380700,2026-09-30 08:07:24 UTC
Products-Car-VF3,VF 3,VF 3 Eco,Thuê Pin,TP. Hồ Chí Minh,285000000,0,20000000,340000,1560000,480700,307380700,2026-09-30 08:07:24 UTC
Products-Car-VF3,VF 3,VF 3 Eco,Thuê Pin,Đà Nẵng,285000000,0,1000000,340000,1560000,480700,288380700,2026-09-30 08:07:24 UTC
Products-Car-VF3,VF 3,VF 3 Eco,Thuê Pin,Hải Phòng,285000000,0,1000000,340000,1560000,480700,288380700,2026-09-30 08:07:24 UTC
Products-Car-VF3,VF 3,VF 3 Eco,Thuê Pin,Cần Thơ,285000000,0,1000000,340000,1560000,480700,288380700,2026-09-30 08:07:24 UTC
Products-Car-VF3,VF 3,VF 3 Eco,Thuê Pin,"Các tỉnh thành khác (Khu vực II, III)",285000000,0,1000000,340000,1560000,480700,288380700,2026-09-30 08:07:24 UTC
Products-Car-HerioGreen,Herio Green,Herio Green,Thuê Pin,Hà Nội,469000000,0,20000000,340000,1560000,480700,491380700,2026-09-30 08:07:24 UTC
Products-Car-HerioGreen,Herio Green,Herio Green,Thuê Pin,TP. Hồ Chí Minh,469000000,0,20000000,340000,1560000,480700,491380700,2026-09-30 08:07:24 UTC
Products-Car-HerioGreen,Herio Green,Herio Green,Thuê Pin,Đà Nẵng,469000000,0,1000000,340000,1560000,480700,472380700,2026-09-30 08:07:24 UTC
Products-Car-HerioGreen,Herio Green,Herio Green,Thuê Pin,Hải Phòng,469000000,0,1000000,340000,1560000,480700,472380700,2026-09-30 08:07:24 UTC
Products-Car-HerioGreen,Herio Green,Herio Green,Thuê Pin,Cần Thơ,469000000,0,1000000,340000,1560000,480700,472380700,2026-09-30 08:07:24 UTC
Products-Car-HerioGreen,Herio Green,Herio Green,Thuê Pin,"Các tỉnh thành khác (Khu vực II, III)",469000000,0,1000000,340000,1560000,480700,472380700,2026-09-30 08:07:24 UTC
Products-Car-VF7,VF 7,"VF7 Plus, 2 động cơ",Thuê Pin,Hà Nội,879000000,0,20000000,340000,1560000,480700,901380700,2026-09-30 08:07:24 UTC
Products-Car-VF7,VF 7,"VF7 Plus, 2 động cơ",Thuê Pin,TP. Hồ Chí Minh,879000000,0,20000000,340000,1560000,480700,901380700,2026-09-30 08:07:24 UTC
Products-Car-VF7,VF 7,"VF7 Plus, 2 động cơ",Thuê Pin,Đà Nẵng,879000000,0,1000000,340000,1560000,480700,882380700,2026-09-30 08:07:24 UTC
Products-Car-VF7,VF 7,"VF7 Plus, 2 động cơ",Thuê Pin,Hải Phòng,879000000,0,1000000,340000,1560000,480700,882380700,2026-09-30 08:07:24 UTC
Products-Car-VF7,VF 7,"VF7 Plus, 2 động cơ",Thuê Pin,Cần Thơ,879000000,0,1000000,340000,1560000,480700,882380700,2026-09-30 08:07:24 UTC
Products-Car-VF7,VF 7,"VF7 Plus, 2 động cơ",Thuê Pin,"Các tỉnh thành khác (Khu vực II, III)",879000000,0,1000000,340000,1560000,480700,882380700,2026-09-30 08:07:24 UTC
Products-Car-VF8,VF 8,VF 8 Plus CATL,Thuê Pin,Hà Nội,1079000000,0,20000000,340000,1560000,480700,1101380700,2026-09-30 08:07:24 UTC
Products-Car-VF8,VF 8,VF 8 Plus CATL,Thuê Pin,TP. Hồ Chí Minh,1079000000,0,20000000,340000,1560000,480700,1101380700,2026-09-30 08:07:24 UTC
Products-Car-VF8,VF 8,VF 8 Plus CATL,Thuê Pin,Đà Nẵng,1079000000,0,1000000,340000,1560000,480700,1082380700,2026-09-30 08:07:24 UTC
Products-Car-VF8,VF 8,VF 8 Plus CATL,Thuê Pin,Hải Phòng,1079000000,0,1000000,340000,1560000,480700,1082380700,2026-09-30 08:07:24 UTC
Products-Car-VF8,VF 8,VF 8 Plus CATL,Thuê Pin,Cần Thơ,1079000000,0,1000000,340000,1560000,480700,1082380700,2026-09-30 08:07:24 UTC
Products-Car-VF8,VF 8,VF 8 Plus CATL,Thuê Pin,"Các tỉnh thành khác (Khu vực II, III)",1079000000,0,1000000,340000,1560000,480700,1082380700,2026-09-30 08:07:24 UTC
Products-Car-VFWILD,VF Wild,VF WILD - Comfort,Thuê Pin,Hà Nội,860000000,0,20000000,340000,1560000,480700,882380700,2026-09-30 08:07:24 UTC
Products-Car-VFWILD,VF Wild,VF WILD - Comfort,Thuê Pin,TP. Hồ Chí Minh,860000000,0,20000000,340000,1560000,480700,882380700,2026-09-30 08:07:24 UTC
Products-Car-VFWILD,VF Wild,VF WILD - Comfort,Thuê Pin,Đà Nẵng,860000000,0,1000000,340000,1560000,480700,863380700,2026-09-30 08:07:24 UTC
Products-Car-VFWILD,VF Wild,VF WILD - Comfort,Thuê Pin,Hải Phòng,860000000,0,1000000,340000,1560000,480700,863380700,2026-09-30 08:07:24 UTC
Products-Car-VFWILD,VF Wild,VF WILD - Comfort,Thuê Pin,Cần Thơ,860000000,0,1000000,340000,1560000,480700,863380700,2026-09-30 08:07:24 UTC
Products-Car-VFWILD,VF Wild,VF WILD - Comfort,Thuê Pin,"Các tỉnh thành khác (Khu vực II, III)",860000000,0,1000000,340000,1560000,480700,863380700,2026-09-30 08:07:24 UTC
Products-Car-VF7,VF 7,VF7 Plus tùy chọn Trần kính toàn cảnh,Thuê Pin,Hà Nội,850000000,0,20000000,340000,1560000,480700,872380700,2026-09-30 08:07:24 UTC
Products-Car-VF7,VF 7,VF7 Plus tùy chọn Trần kính toàn cảnh,Thuê Pin,TP. Hồ Chí Minh,850000000,0,20000000,340000,1560000,480700,872380700,2026-09-30 08:07:24 UTC
Products-Car-VF7,VF 7,VF7 Plus tùy chọn Trần kính toàn cảnh,Thuê Pin,Đà Nẵng,850000000,0,1000000,340000,1560000,480700,853380700,2026-09-30 08:07:24 UTC
Products-Car-VF7,VF 7,VF7 Plus tùy chọn Trần kính toàn cảnh,Thuê Pin,Hải Phòng,850000000,0,1000000,340000,1560000,480700,853380700,2026-09-30 08:07:24 UTC
Products-Car-VF7,VF 7,VF7 Plus tùy chọn Trần kính toàn cảnh,Thuê Pin,Cần Thơ,850000000,0,1000000,340000,1560000,480700,853380700,2026-09-30 08:07:24 UTC
Products-Car-VF7,VF 7,VF7 Plus tùy chọn Trần kính toàn cảnh,Thuê Pin,"Các tỉnh thành khác (Khu vực II, III)",850000000,0,1000000,340000,1560000,480700,853380700,2026-09-30 08:07:24 UTC
Products-Car-ECVAN,EC Van,EC Van - TG11V,Thuê Pin,Hà Nội,286000000,0,20000000,340000,1560000,480700,308380700,2026-09-30 08:07:24 UTC
Products-Car-ECVAN,EC Van,EC Van - TG11V,Thuê Pin,TP. Hồ Chí Minh,286000000,0,20000000,340000,1560000,480700,308380700,2026-09-30 08:07:24 UTC
Products-Car-ECVAN,EC Van,EC Van - TG11V,Thuê Pin,Đà Nẵng,286000000,0,1000000,340000,1560000,480700,289380700,2026-09-30 08:07:24 UTC
Products-Car-ECVAN,EC Van,EC Van - TG11V,Thuê Pin,Hải Phòng,286000000,0,1000000,340000,1560000,480700,289380700,2026-09-30 08:07:24 UTC
Products-Car-ECVAN,EC Van,EC Van - TG11V,Thuê Pin,Cần Thơ,286000000,0,1000000,340000,1560000,480700,289380700,2026-09-30 08:07:24 UTC
Products-Car-ECVAN,EC Van,EC Van - TG11V,Thuê Pin,"Các tỉnh thành khác (Khu vực II, III)",286000000,0,1000000,340000,1560000,480700,289380700,2026-09-30 08:07:24 UTC
Products-Car-ECVAN,EC Van,EC Van - TG12V,Thuê Pin,Hà Nội,306000000,0,20000000,340000,1560000,480700,328380700,2026-09-30 08:07:24 UTC
Products-Car-ECVAN,EC Van,EC Van - TG12V,Thuê Pin,TP. Hồ Chí Minh,306000000,0,20000000,340000,1560000,480700,328380700,2026-09-30 08:07:24 UTC
Products-Car-ECVAN,EC Van,EC Van - TG12V,Thuê Pin,Đà Nẵng,306000000,0,1000000,340000,1560000,480700,309380700,2026-09-30 08:07:24 UTC
Products-Car-ECVAN,EC Van,EC Van - TG12V,Thuê Pin,Hải Phòng,306000000,0,1000000,340000,1560000,480700,309380700,2026-09-30 08:07:24 UTC
Products-Car-ECVAN,EC Van,EC Van - TG12V,Thuê Pin,Cần Thơ,306000000,0,1000000,340000,1560000,480700,309380700,2026-09-30 08:07:24 UTC
Products-Car-ECVAN,EC Van,EC Van - TG12V,Thuê Pin,"Các tỉnh thành khác (Khu vực II, III)",306000000,0,1000000,340000,1560000,480700,309380700,2026-09-30 08:07:24 UTC
Products-Car-ECVAN,EC Van,EC Van,Thuê Pin,Hà Nội,268000000,0,20000000,340000,1560000,480700,290380700,2026-09-30 08:07:24 UTC
Products-Car-ECVAN,EC Van,EC Van,Thuê Pin,TP. Hồ Chí Minh,268000000,0,20000000,340000,1560000,480700,290380700,2026-09-30 08:07:24 UTC
Products-Car-ECVAN,EC Van,EC Van,Thuê Pin,Đà Nẵng,268000000,0,1000000,340000,1560000,480700,271380700,2026-09-30 08:07:24 UTC
Products-Car-ECVAN,EC Van,EC Van,Thuê Pin,Hải Phòng,268000000,0,1000000,340000,1560000,480700,271380700,2026-09-30 08:07:24 UTC
Products-Car-ECVAN,EC Van,EC Van,Thuê Pin,Cần Thơ,268000000,0,1000000,340000,1560000,480700,271380700,2026-09-30 08:07:24 UTC
Products-Car-ECVAN,EC Van,EC Van,Thuê Pin,"Các tỉnh thành khác (Khu vực II, III)",268000000,0,1000000,340000,1560000,480700,271380700,2026-09-30 08:07:24 UTC
Products-Car-VF7,VF 7,"VF7 Plus tùy chọn Trần kính toàn cảnh, 2 động cơ",Thuê Pin,Hà Nội,899000000,0,20000000,340000,1560000,480700,921380700,2026-09-30 08:07:24 UTC
Products-Car-VF7,VF 7,"VF7 Plus tùy chọn Trần kính toàn cảnh, 2 động cơ",Thuê Pin,TP. Hồ Chí Minh,899000000,0,20000000,340000,1560000,480700,921380700,2026-09-30 08:07:24 UTC
Products-Car-VF7,VF 7,"VF7 Plus tùy chọn Trần kính toàn cảnh, 2 động cơ",Thuê Pin,Đà Nẵng,899000000,0,1000000,340000,1560000,480700,902380700,2026-09-30 08:07:24 UTC
Products-Car-VF7,VF 7,"VF7 Plus tùy chọn Trần kính toàn cảnh, 2 động cơ",Thuê Pin,Hải Phòng,899000000,0,1000000,340000,1560000,480700,902380700,2026-09-30 08:07:24 UTC
Products-Car-VF7,VF 7,"VF7 Plus tùy chọn Trần kính toàn cảnh, 2 động cơ",Thuê Pin,Cần Thơ,899000000,0,1000000,340000,1560000,480700,902380700,2026-09-30 08:07:24 UTC
Products-Car-VF7,VF 7,"VF7 Plus tùy chọn Trần kính toàn cảnh, 2 động cơ",Thuê Pin,"Các tỉnh thành khác (Khu vực II, III)",899000000,0,1000000,340000,1560000,480700,902380700,2026-09-30 08:07:24 UTC
Products-Car-VFMPV7,VF MPV 7,VF MPV 7,Thuê Pin,Hà Nội,750000000,0,20000000,340000,1560000,480700,772380700,2026-09-30 08:07:24 UTC
Products-Car-VFMPV7,VF MPV 7,VF MPV 7,Thuê Pin,TP. Hồ Chí Minh,750000000,0,20000000,340000,1560000,480700,772380700,2026-09-30 08:07:24 UTC
Products-Car-VFMPV7,VF MPV 7,VF MPV 7,Thuê Pin,Đà Nẵng,750000000,0,1000000,340000,1560000,480700,753380700,2026-09-30 08:07:24 UTC
Products-Car-VFMPV7,VF MPV 7,VF MPV 7,Thuê Pin,Hải Phòng,750000000,0,1000000,340000,1560000,480700,753380700,2026-09-30 08:07:24 UTC
Products-Car-VFMPV7,VF MPV 7,VF MPV 7,Thuê Pin,Cần Thơ,750000000,0,1000000,340000,1560000,480700,753380700,2026-09-30 08:07:24 UTC
Products-Car-VFMPV7,VF MPV 7,VF MPV 7,Thuê Pin,"Các tỉnh thành khác (Khu vực II, III)",750000000,0,1000000,340000,1560000,480700,753380700,2026-09-30 08:07:24 UTC
Products-Car-LimoGreen,Limo Green,Limo Green,Thuê Pin,Hà Nội,699000000,0,20000000,340000,1560000,480700,721380700,2026-09-30 08:07:24 UTC
Products-Car-LimoGreen,Limo Green,Limo Green,Thuê Pin,TP. Hồ Chí Minh,699000000,0,20000000,340000,1560000,480700,721380700,2026-09-30 08:07:24 UTC
Products-Car-LimoGreen,Limo Green,Limo Green,Thuê Pin,Đà Nẵng,699000000,0,1000000,340000,1560000,480700,702380700,2026-09-30 08:07:24 UTC
Products-Car-LimoGreen,Limo Green,Limo Green,Thuê Pin,Hải Phòng,699000000,0,1000000,340000,1560000,480700,702380700,2026-09-30 08:07:24 UTC
Products-Car-LimoGreen,Limo Green,Limo Green,Thuê Pin,Cần Thơ,699000000,0,1000000,340000,1560000,480700,702380700,2026-09-30 08:07:24 UTC
Products-Car-LimoGreen,Limo Green,Limo Green,Thuê Pin,"Các tỉnh thành khác (Khu vực II, III)",699000000,0,1000000,340000,1560000,480700,702380700,2026-09-30 08:07:24 UTC
Products-Car-VF2,VF 2,VF 2,Thuê Pin,Hà Nội,188000000,0,20000000,340000,1560000,480700,210380700,2026-09-30 08:07:24 UTC
Products-Car-VF2,VF 2,VF 2,Thuê Pin,TP. Hồ Chí Minh,188000000,0,20000000,340000,1560000,480700,210380700,2026-09-30 08:07:24 UTC
Products-Car-VF2,VF 2,VF 2,Thuê Pin,Đà Nẵng,188000000,0,1000000,340000,1560000,480700,191380700,2026-09-30 08:07:24 UTC
Products-Car-VF2,VF 2,VF 2,Thuê Pin,Hải Phòng,188000000,0,1000000,340000,1560000,480700,191380700,2026-09-30 08:07:24 UTC
Products-Car-VF2,VF 2,VF 2,Thuê Pin,Cần Thơ,188000000,0,1000000,340000,1560000,480700,191380700,2026-09-30 08:07:24 UTC
Products-Car-VF2,VF 2,VF 2,Thuê Pin,"Các tỉnh thành khác (Khu vực II, III)",188000000,0,1000000,340000,1560000,480700,191380700,2026-09-30 08:07:24 UTC
Products-Car-VF7,VF 7,VF 7 Eco,Thuê Pin,Hà Nội,740000000,0,20000000,340000,1560000,480700,762380700,2026-09-30 08:07:24 UTC
Products-Car-VF7,VF 7,VF 7 Eco,Thuê Pin,TP. Hồ Chí Minh,740000000,0,20000000,340000,1560000,480700,762380700,2026-09-30 08:07:24 UTC
Products-Car-VF7,VF 7,VF 7 Eco,Thuê Pin,Đà Nẵng,740000000,0,1000000,340000,1560000,480700,743380700,2026-09-30 08:07:24 UTC
Products-Car-VF7,VF 7,VF 7 Eco,Thuê Pin,Hải Phòng,740000000,0,1000000,340000,1560000,480700,743380700,2026-09-30 08:07:24 UTC
Products-Car-VF7,VF 7,VF 7 Eco,Thuê Pin,Cần Thơ,740000000,0,1000000,340000,1560000,480700,743380700,2026-09-30 08:07:24 UTC
Products-Car-VF7,VF 7,VF 7 Eco,Thuê Pin,"Các tỉnh thành khác (Khu vực II, III)",740000000,0,1000000,340000,1560000,480700,743380700,2026-09-30 08:07:24 UTC
Products-Car-MinioGreen,Minio Green,Minio Green,Thuê Pin,Hà Nội,188000000,0,20000000,340000,1560000,480700,210380700,2026-09-30 08:07:24 UTC
Products-Car-MinioGreen,Minio Green,Minio Green,Thuê Pin,TP. Hồ Chí Minh,188000000,0,20000000,340000,1560000,480700,210380700,2026-09-30 08:07:24 UTC
Products-Car-MinioGreen,Minio Green,Minio Green,Thuê Pin,Đà Nẵng,188000000,0,1000000,340000,1560000,480700,191380700,2026-09-30 08:07:24 UTC
Products-Car-MinioGreen,Minio Green,Minio Green,Thuê Pin,Hải Phòng,188000000,0,1000000,340000,1560000,480700,191380700,2026-09-30 08:07:24 UTC
Products-Car-MinioGreen,Minio Green,Minio Green,Thuê Pin,Cần Thơ,188000000,0,1000000,340000,1560000,480700,191380700,2026-09-30 08:07:24 UTC
Products-Car-MinioGreen,Minio Green,Minio Green,Thuê Pin,"Các tỉnh thành khác (Khu vực II, III)",188000000,0,1000000,340000,1560000,480700,191380700,2026-09-30 08:07:24 UTC
